
> local-live-captions@0.1.17 test:native-claim
> bash scripts/run-native-claim.sh native-local-processing

Provisioning native claim packages: cmake file libclang-dev libglib2.0-dev libwebkit2gtk-4.1-dev libappindicator3-dev librsvg2-dev patchelf libasound2-dev libpulse-dev pulseaudio pulseaudio-utils strace
Get:1 http://archive.ubuntu.com/ubuntu noble InRelease [256 kB]
Get:2 https://packages.microsoft.com/repos/azure-cli noble InRelease [3564 B]
Get:3 https://deb.nodesource.com/node_22.x nodistro InRelease [12.1 kB]
Get:4 http://archive.ubuntu.com/ubuntu noble-updates InRelease [126 kB]
Get:5 http://archive.ubuntu.com/ubuntu noble-backports InRelease [126 kB]
Get:6 https://packages.microsoft.com/repos/azure-cli noble/main amd64 Packages [2515 B]
Get:7 https://deb.nodesource.com/node_22.x nodistro/main amd64 Packages [12.1 kB]
Get:8 http://security.ubuntu.com/ubuntu noble-security InRelease [126 kB]
Get:9 http://archive.ubuntu.com/ubuntu noble/restricted amd64 Packages [117 kB]
Get:10 http://archive.ubuntu.com/ubuntu noble/multiverse amd64 Packages [331 kB]
Get:11 http://archive.ubuntu.com/ubuntu noble/universe amd64 Packages [19.3 MB]
Get:12 http://archive.ubuntu.com/ubuntu noble/main amd64 Packages [1808 kB]
Get:13 http://archive.ubuntu.com/ubuntu noble-updates/universe amd64 Packages [2149 kB]
Get:14 http://archive.ubuntu.com/ubuntu noble-updates/multiverse amd64 Packages [55.8 kB]
Get:15 http://archive.ubuntu.com/ubuntu noble-updates/main amd64 Packages [1527 kB]
Get:16 http://archive.ubuntu.com/ubuntu noble-updates/restricted amd64 Packages [1842 kB]
Get:17 http://archive.ubuntu.com/ubuntu noble-backports/universe amd64 Packages [35.9 kB]
Get:18 http://archive.ubuntu.com/ubuntu noble-backports/multiverse amd64 Packages [671 B]
Get:19 http://archive.ubuntu.com/ubuntu noble-backports/main amd64 Packages [48.9 kB]
Get:20 http://security.ubuntu.com/ubuntu noble-security/main amd64 Packages [1211 kB]
Get:21 http://security.ubuntu.com/ubuntu noble-security/restricted amd64 Packages [1730 kB]
Get:22 http://security.ubuntu.com/ubuntu noble-security/universe amd64 Packages [1529 kB]
Get:23 http://security.ubuntu.com/ubuntu noble-security/multiverse amd64 Packages [50.0 kB]
Fetched 32.4 MB in 2s (18.1 MB/s)
Reading package lists...
Reading package lists...
Building dependency tree...
Reading state information...
The following additional packages will be installed:
  adwaita-icon-theme bsdutils bubblewrap cmake-data dbus dbus-bin dbus-daemon
  dbus-session-bus-common dbus-system-bus-common dbus-user-session
  dconf-gsettings-backend dconf-service dictionaries-common emacsen-common
  gir1.2-appindicator3-0.1 gir1.2-atk-1.0 gir1.2-atspi-2.0
  gir1.2-dbusmenu-glib-0.4 gir1.2-freedesktop gir1.2-freedesktop-dev
  gir1.2-gdkpixbuf-2.0 gir1.2-girepository-2.0 gir1.2-girepository-2.0-dev
  gir1.2-glib-2.0 gir1.2-glib-2.0-dev gir1.2-gtk-3.0 gir1.2-harfbuzz-0.0
  gir1.2-javascriptcoregtk-4.1 gir1.2-pango-1.0 gir1.2-rsvg-2.0
  gir1.2-soup-3.0 gir1.2-webkit2-4.1 glib-networking glib-networking-common
  glib-networking-services gobject-introspection gobject-introspection-bin
  gsettings-desktop-schemas gstreamer1.0-plugins-base
  gstreamer1.0-plugins-good gtk-update-icon-cache humanity-icon-theme
  hunspell-en-us icu-devtools iso-codes libaa1 libapparmor1 libappindicator3-1
  libarchive13t64 libargon2-1 libasound2-plugins libaspell15 libasyncns0
  libatk-bridge2.0-dev libatk1.0-dev libatspi2.0-dev libavc1394-0 libavcodec60
  libavutil58 libblkid-dev libblkid1 libbrotli-dev libbz2-dev libcaca0
  libcairo-gobject2 libcairo-script-interpreter2 libcairo2-dev libcap2-bin
  libcdparanoia0 libclang-18-dev libclang-common-18-dev libclang1-18
  libcodec2-1.2 libcolord2 libcryptsetup12 libdatrie-dev libdav1d7
  libdbus-1-dev libdbus-glib-1-2 libdbus-glib-1-dev libdbus-glib-1-dev-bin
  libdbusmenu-glib-dev libdbusmenu-glib4 libdbusmenu-gtk3-4 libdconf1
  libdeflate-dev libdevmapper1.02.1 libduktape207 libdv4t64 libdw1t64
  libegl-dev libegl-mesa0 libegl1 libegl1-mesa-dev libenchant-2-2 libepoxy-dev
  libepoxy0 libevdev2 libfdisk1 libffi-dev libfftw3-single3 libflac12t64
  libfontconfig-dev libfreetype-dev libfribidi-dev libgc1 libgdk-pixbuf-2.0-0
  libgdk-pixbuf-2.0-dev libgdk-pixbuf2.0-bin libgdk-pixbuf2.0-common
  libgirepository-1.0-1 libgirepository-1.0-dev libgirepository-2.0-0
  libgirepository1.0-dev libgl-dev libgles-dev libgles1 libgles2
  libglib2.0-bin libglib2.0-data libglib2.0-dev-bin libglvnd-core-dev
  libglvnd-dev libglx-dev libgpm2 libgraphite2-dev libgsm1
  libgstreamer-gl1.0-0 libgstreamer-plugins-base1.0-0
  libgstreamer-plugins-good1.0-0 libgstreamer1.0-0 libgtk-3-0t64
  libgtk-3-common libgtk-3-dev libgudev-1.0-0 libharfbuzz-cairo0
  libharfbuzz-dev libharfbuzz-gobject0 libharfbuzz-icu0 libharfbuzz-subset0
  libhunspell-1.7-0 libhwy1t64 libhyphen0 libice-dev libicu-dev libiec61883-0
  libjack-jackd2-0 libjavascriptcoregtk-4.1-0 libjavascriptcoregtk-4.1-dev
  libjbig-dev libjpeg-dev libjpeg-turbo8-dev libjpeg8-dev libjson-c5
  libjson-glib-1.0-0 libjson-glib-1.0-common libjsoncpp25 libjxl0.7 libkmod2
  liblerc-dev libllvm18 liblzma-dev liblzo2-2 libmagic-mgc libmagic1t64
  libmanette-0.2-0 libmount-dev libmount1 libmp3lame0 libmpg123-0t64
  libncurses6 libncursesw6 libnghttp2-dev libnuma1 libobjc-13-dev libobjc4
  libogg0 libopengl-dev libopengl0 libopus0 liborc-0.4-0t64 libpam-systemd
  libpango1.0-dev libpangocairo-1.0-0 libpangoft2-1.0-0 libpangoxft-1.0-0
  libpcre2-16-0 libpcre2-32-0 libpcre2-dev libpcre2-posix3 libpixman-1-dev
  libpng-dev libproxy1v5 libpsl-dev libpthread-stubs0-dev
  libpulse-mainloop-glib0 libpulse0 librav1e0 libraw1394-11 librhash0
  librsvg2-2 librsvg2-common libsamplerate0 libsecret-1-0 libsecret-common
  libselinux1-dev libsepol-dev libsharpyuv-dev libshine3 libshout3 libslang2
  libsm-dev libsmartcols1 libsnapd-glib-2-1 libsnappy1v5 libsndfile1
  libsoup-3.0-0 libsoup-3.0-common libsoup-3.0-dev libsoxr0 libspeex1
  libspeexdsp1 libsqlite3-dev libsvtav1enc1d1 libswresample4
  libsysprof-capture-4-dev libsystemd-shared libtag1v5 libtag1v5-vanilla
  libtdb1 libtext-iconv-perl libthai-dev libtheora0 libtiff-dev libtiffxx6
  libtinfo6 libtwolame0 libuuid1 libuv1t64 libv4l-0t64 libv4lconvert0t64
  libva-drm2 libva-x11-2 libva2 libvdpau1 libvisual-0.4-0 libvorbis0a
  libvorbisenc2 libvpl2 libvpx9 libwavpack1 libwayland-bin libwayland-client0
  libwayland-cursor0 libwayland-dev libwayland-egl1 libwayland-server0
  libwebkit2gtk-4.1-0 libwebp-dev libwebpdecoder3 libwebrtc-audio-processing1
  libwrap0 libx11-dev libx264-164 libx265-199 libxau-dev libxcb-render0-dev
  libxcb-shm0-dev libxcb1-dev libxcomposite-dev libxcursor-dev libxcursor1
  libxdamage-dev libxdmcp-dev libxext-dev libxfixes-dev libxft-dev libxft2
  libxi-dev libxinerama-dev libxinerama1 libxkbcommon-dev libxrandr-dev
  libxrender-dev libxslt1.1 libxtst-dev libxtst6 libxvidcore4 libzstd-dev
  libzvbi-common libzvbi0t64 mount ncurses-base ncurses-bin ocl-icd-libopencl1
  pango1.0-tools python3-mako python3-markdown python3-markupsafe
  python3-packaging session-migration sgml-base shared-mime-info systemd
  systemd-dev systemd-sysv ubuntu-mono util-linux uuid-dev wayland-protocols
  x11proto-dev xdg-dbus-proxy xml-core xorg-sgml-doctools xtrans-dev
Suggested packages:
  cmake-doc cmake-format elpa-cmake-mode ninja-build ispell | aspell
  | hunspell wordlist gvfs hunspell openoffice.org-hunspell
  | openoffice.org-core isoquery indicator-application lrzip libasound2-doc
  aspell libcuda1 libnvcuvid1 libnvidia-encode1 libcairo2-doc colord
  libdatrie-doc libdv-bin oss-compat libenchant-2-voikko libfftw3-bin
  libfftw3-dev freetype2-doc libgirepository1.0-doc libglib2.0-doc
  libxml2-utils gpm libgraphite2-utils libvisual-0.4-plugins
  gstreamer1.0-tools libgtk-3-doc libice-doc icu-doc jackd2 liblzma-doc
  cryptsetup-bin libnghttp2-doc opus-tools libpango1.0-doc libraw1394-doc
  librsvg2-bin librsvg2-doc libsm-doc snapd libsoup-3.0-doc speex sqlite3-doc
  libthai-doc libwayland-doc gstreamer1.0-libav gstreamer1.0-plugins-bad
  gstreamer1.0-alsa libx11-doc libxcb-doc libxext-doc nfs-common opencl-icd
  graphicsmagick udev pavumeter pavucontrol paprefs avahi-daemon
  python-mako-doc python3-beaker python-markdown-doc sgml-base-doc
  systemd-container systemd-homed systemd-userdbd systemd-boot libfido2-1
  libip4tc2 libqrencode4 libtss2-esys-3.0.2-0 libtss2-mu-4.0.1-0 libtss2-rc0
  libtss2-tcti-device0 polkitd dosfstools kbd util-linux-extra
  util-linux-locales debhelper
Recommended packages:
  bsdextrautils gstreamer1.0-x aspell-en | aspell-dictionary
  | aspell6a-dictionary bzip2-doc libpam-cap libclang-rt-18-dev dmsetup
  enchant-2 gstreamer1.0-gl libgtk-3-bin libpng-tools uuid-runtime
  va-driver-all | va-driver vdpau-driver-all | vdpau-driver
  xdg-desktop-portal-gtk rtkit python3-pygments python3-yaml
  networkd-dispatcher systemd-timesyncd | time-daemon systemd-resolved
  libnss-systemd
The following NEW packages will be installed:
  adwaita-icon-theme bubblewrap cmake cmake-data dbus dbus-bin dbus-daemon
  dbus-session-bus-common dbus-system-bus-common dbus-user-session
  dconf-gsettings-backend dconf-service dictionaries-common emacsen-common
  file gir1.2-appindicator3-0.1 gir1.2-atk-1.0 gir1.2-atspi-2.0
  gir1.2-dbusmenu-glib-0.4 gir1.2-freedesktop gir1.2-freedesktop-dev
  gir1.2-gdkpixbuf-2.0 gir1.2-girepository-2.0 gir1.2-girepository-2.0-dev
  gir1.2-glib-2.0 gir1.2-glib-2.0-dev gir1.2-gtk-3.0 gir1.2-harfbuzz-0.0
  gir1.2-javascriptcoregtk-4.1 gir1.2-pango-1.0 gir1.2-rsvg-2.0
  gir1.2-soup-3.0 gir1.2-webkit2-4.1 glib-networking glib-networking-common
  glib-networking-services gobject-introspection gobject-introspection-bin
  gsettings-desktop-schemas gstreamer1.0-plugins-base
  gstreamer1.0-plugins-good gtk-update-icon-cache humanity-icon-theme
  hunspell-en-us icu-devtools iso-codes libaa1 libapparmor1 libappindicator3-1
  libappindicator3-dev libarchive13t64 libargon2-1 libasound2-dev
  libasound2-plugins libaspell15 libasyncns0 libatk-bridge2.0-dev
  libatk1.0-dev libatspi2.0-dev libavc1394-0 libavcodec60 libavutil58
  libblkid-dev libbrotli-dev libbz2-dev libcaca0 libcairo-gobject2
  libcairo-script-interpreter2 libcairo2-dev libcap2-bin libcdparanoia0
  libclang-18-dev libclang-common-18-dev libclang-dev libclang1-18
  libcodec2-1.2 libcolord2 libcryptsetup12 libdatrie-dev libdav1d7
  libdbus-1-dev libdbus-glib-1-2 libdbus-glib-1-dev libdbus-glib-1-dev-bin
  libdbusmenu-glib-dev libdbusmenu-glib4 libdbusmenu-gtk3-4 libdconf1
  libdeflate-dev libdevmapper1.02.1 libduktape207 libdv4t64 libdw1t64
  libegl-dev libegl-mesa0 libegl1 libegl1-mesa-dev libenchant-2-2 libepoxy-dev
  libepoxy0 libevdev2 libfdisk1 libffi-dev libfftw3-single3 libflac12t64
  libfontconfig-dev libfreetype-dev libfribidi-dev libgc1 libgdk-pixbuf-2.0-0
  libgdk-pixbuf-2.0-dev libgdk-pixbuf2.0-bin libgdk-pixbuf2.0-common
  libgirepository-1.0-1 libgirepository-1.0-dev libgirepository-2.0-0
  libgirepository1.0-dev libgl-dev libgles-dev libgles1 libgles2
  libglib2.0-bin libglib2.0-data libglib2.0-dev libglib2.0-dev-bin
  libglvnd-core-dev libglvnd-dev libglx-dev libgpm2 libgraphite2-dev libgsm1
  libgstreamer-gl1.0-0 libgstreamer-plugins-base1.0-0
  libgstreamer-plugins-good1.0-0 libgstreamer1.0-0 libgtk-3-0t64
  libgtk-3-common libgtk-3-dev libgudev-1.0-0 libharfbuzz-cairo0
  libharfbuzz-dev libharfbuzz-gobject0 libharfbuzz-icu0 libharfbuzz-subset0
  libhunspell-1.7-0 libhwy1t64 libhyphen0 libice-dev libicu-dev libiec61883-0
  libjack-jackd2-0 libjavascriptcoregtk-4.1-0 libjavascriptcoregtk-4.1-dev
  libjbig-dev libjpeg-dev libjpeg-turbo8-dev libjpeg8-dev libjson-c5
  libjson-glib-1.0-0 libjson-glib-1.0-common libjsoncpp25 libjxl0.7 libkmod2
  liblerc-dev libllvm18 liblzma-dev liblzo2-2 libmagic-mgc libmagic1t64
  libmanette-0.2-0 libmount-dev libmp3lame0 libmpg123-0t64 libncurses6
  libnghttp2-dev libnuma1 libobjc-13-dev libobjc4 libogg0 libopengl-dev
  libopengl0 libopus0 liborc-0.4-0t64 libpam-systemd libpango1.0-dev
  libpangocairo-1.0-0 libpangoft2-1.0-0 libpangoxft-1.0-0 libpcre2-16-0
  libpcre2-32-0 libpcre2-dev libpcre2-posix3 libpixman-1-dev libpng-dev
  libproxy1v5 libpsl-dev libpthread-stubs0-dev libpulse-dev
  libpulse-mainloop-glib0 libpulse0 librav1e0 libraw1394-11 librhash0
  librsvg2-2 librsvg2-common librsvg2-dev libsamplerate0 libsecret-1-0
  libsecret-common libselinux1-dev libsepol-dev libsharpyuv-dev libshine3
  libshout3 libslang2 libsm-dev libsnapd-glib-2-1 libsnappy1v5 libsndfile1
  libsoup-3.0-0 libsoup-3.0-common libsoup-3.0-dev libsoxr0 libspeex1
  libspeexdsp1 libsqlite3-dev libsvtav1enc1d1 libswresample4
  libsysprof-capture-4-dev libsystemd-shared libtag1v5 libtag1v5-vanilla
  libtdb1 libtext-iconv-perl libthai-dev libtheora0 libtiff-dev libtiffxx6
  libtwolame0 libuv1t64 libv4l-0t64 libv4lconvert0t64 libva-drm2 libva-x11-2
  libva2 libvdpau1 libvisual-0.4-0 libvorbis0a libvorbisenc2 libvpl2 libvpx9
  libwavpack1 libwayland-bin libwayland-client0 libwayland-cursor0
  libwayland-dev libwayland-egl1 libwayland-server0 libwebkit2gtk-4.1-0
  libwebkit2gtk-4.1-dev libwebp-dev libwebpdecoder3
  libwebrtc-audio-processing1 libwrap0 libx11-dev libx264-164 libx265-199
  libxau-dev libxcb-render0-dev libxcb-shm0-dev libxcb1-dev libxcomposite-dev
  libxcursor-dev libxcursor1 libxdamage-dev libxdmcp-dev libxext-dev
  libxfixes-dev libxft-dev libxft2 libxi-dev libxinerama-dev libxinerama1
  libxkbcommon-dev libxrandr-dev libxrender-dev libxslt1.1 libxtst-dev
  libxtst6 libxvidcore4 libzstd-dev libzvbi-common libzvbi0t64
  ocl-icd-libopencl1 pango1.0-tools patchelf pulseaudio pulseaudio-utils
  python3-mako python3-markdown python3-markupsafe python3-packaging
  session-migration sgml-base shared-mime-info strace systemd systemd-dev
  systemd-sysv ubuntu-mono uuid-dev wayland-protocols x11proto-dev
  xdg-dbus-proxy xml-core xorg-sgml-doctools xtrans-dev
The following packages will be upgraded:
  bsdutils libblkid1 libmount1 libncursesw6 libsmartcols1 libtinfo6 libuuid1
  mount ncurses-base ncurses-bin util-linux
11 upgraded, 317 newly installed, 0 to remove and 11 not upgraded.
Need to get 208 MB of archives.
After this operation, 1055 MB of additional disk space will be used.
Get:1 http://archive.ubuntu.com/ubuntu noble-updates/main amd64 bsdutils amd64 1:2.39.3-9ubuntu6.6 [96.4 kB]
Get:2 http://archive.ubuntu.com/ubuntu noble-updates/main amd64 ncurses-bin amd64 6.4+20240113-1ubuntu2.2 [188 kB]
Get:3 http://archive.ubuntu.com/ubuntu noble-updates/main amd64 util-linux amd64 2.39.3-9ubuntu6.6 [1128 kB]
Get:4 http://archive.ubuntu.com/ubuntu noble-updates/main amd64 ncurses-base all 6.4+20240113-1ubuntu2.2 [25.8 kB]
Get:5 http://archive.ubuntu.com/ubuntu noble-updates/main amd64 mount amd64 2.39.3-9ubuntu6.6 [118 kB]
Get:6 http://archive.ubuntu.com/ubuntu noble-updates/main amd64 libapparmor1 amd64 4.0.1really4.0.1-0ubuntu0.24.04.7 [51.3 kB]
Get:7 http://archive.ubuntu.com/ubuntu noble/main amd64 libargon2-1 amd64 0~20190702+dfsg-4build1 [20.8 kB]
Get:8 http://archive.ubuntu.com/ubuntu noble-updates/main amd64 libblkid1 amd64 2.39.3-9ubuntu6.6 [124 kB]
Get:9 http://archive.ubuntu.com/ubuntu noble-updates/main amd64 libdevmapper1.02.1 amd64 2:1.02.185-3ubuntu3.2 [139 kB]
Get:10 http://archive.ubuntu.com/ubuntu noble/main amd64 libjson-c5 amd64 0.17-1build1 [35.3 kB]
Get:11 http://archive.ubuntu.com/ubuntu noble-updates/main amd64 libuuid1 amd64 2.39.3-9ubuntu6.6 [36.6 kB]
Get:12 http://archive.ubuntu.com/ubuntu noble-updates/main amd64 libcryptsetup12 amd64 2:2.7.0-1ubuntu4.2 [266 kB]
Get:13 http://archive.ubuntu.com/ubuntu noble-updates/main amd64 libfdisk1 amd64 2.39.3-9ubuntu6.6 [146 kB]
Get:14 http://archive.ubuntu.com/ubuntu noble-updates/main amd64 libkmod2 amd64 31+20240202-2ubuntu7.2 [51.8 kB]
Get:15 http://archive.ubuntu.com/ubuntu noble-updates/main amd64 libmount1 amd64 2.39.3-9ubuntu6.6 [134 kB]
Get:16 http://archive.ubuntu.com/ubuntu noble-updates/main amd64 libsystemd-shared amd64 255.4-1ubuntu8.17 [2077 kB]
Get:17 http://archive.ubuntu.com/ubuntu noble-updates/main amd64 systemd-dev all 255.4-1ubuntu8.17 [107 kB]
Get:18 http://archive.ubuntu.com/ubuntu noble-updates/main amd64 systemd amd64 255.4-1ubuntu8.17 [3475 kB]
Get:19 http://archive.ubuntu.com/ubuntu noble-updates/main amd64 systemd-sysv amd64 255.4-1ubuntu8.17 [11.9 kB]
Get:20 http://archive.ubuntu.com/ubuntu noble/main amd64 libfftw3-single3 amd64 3.3.10-1ubuntu3 [868 kB]
Get:21 http://archive.ubuntu.com/ubuntu noble-updates/main amd64 libdw1t64 amd64 0.190-1.1ubuntu0.1 [261 kB]
Get:22 http://archive.ubuntu.com/ubuntu noble-updates/main amd64 libcap2-bin amd64 1:2.66-5ubuntu2.4 [34.1 kB]
Get:23 http://archive.ubuntu.com/ubuntu noble-updates/main amd64 libgstreamer1.0-0 amd64 1.24.2-1ubuntu0.1 [1165 kB]
Get:24 http://archive.ubuntu.com/ubuntu noble-updates/main amd64 liborc-0.4-0t64 amd64 1:0.4.38-1ubuntu0.1 [207 kB]
Get:25 http://archive.ubuntu.com/ubuntu noble/main amd64 iso-codes all 4.16.0-1 [3492 kB]
Get:26 http://archive.ubuntu.com/ubuntu noble-updates/main amd64 libgstreamer-plugins-base1.0-0 amd64 1.24.2-1ubuntu0.4 [862 kB]
Get:27 http://archive.ubuntu.com/ubuntu noble/main amd64 libasyncns0 amd64 0.8-6build4 [11.3 kB]
Get:28 http://archive.ubuntu.com/ubuntu noble/main amd64 libogg0 amd64 1.3.5-3build1 [22.7 kB]
Get:29 http://archive.ubuntu.com/ubuntu noble/main amd64 libflac12t64 amd64 1.4.3+ds-2.1ubuntu2 [197 kB]
Get:30 http://archive.ubuntu.com/ubuntu noble/main amd64 libmp3lame0 amd64 3.100-6build1 [142 kB]
Get:31 http://archive.ubuntu.com/ubuntu noble-updates/main amd64 libmpg123-0t64 amd64 1.32.5-1ubuntu1.1 [169 kB]
Get:32 http://archive.ubuntu.com/ubuntu noble/main amd64 libopus0 amd64 1.4-1build1 [208 kB]
Get:33 http://archive.ubuntu.com/ubuntu noble/main amd64 libvorbis0a amd64 1.3.7-1build3 [97.6 kB]
Get:34 http://archive.ubuntu.com/ubuntu noble/main amd64 libvorbisenc2 amd64 1.3.7-1build3 [80.8 kB]
Get:35 http://archive.ubuntu.com/ubuntu noble-updates/main amd64 libsndfile1 amd64 1.2.2-1ubuntu5.24.04.1 [209 kB]
Get:36 http://archive.ubuntu.com/ubuntu noble-updates/main amd64 libpulse0 amd64 1:16.1+dfsg1-2ubuntu10.1 [292 kB]
Get:37 http://archive.ubuntu.com/ubuntu noble/main amd64 libjson-glib-1.0-common all 1.8.0-2build2 [4244 B]
Get:38 http://archive.ubuntu.com/ubuntu noble/main amd64 libjson-glib-1.0-0 amd64 1.8.0-2build2 [68.0 kB]
Get:39 http://archive.ubuntu.com/ubuntu noble/main amd64 libduktape207 amd64 2.7.0+tests-0ubuntu3 [143 kB]
Get:40 http://archive.ubuntu.com/ubuntu noble/main amd64 libproxy1v5 amd64 0.5.4-4build1 [26.5 kB]
Get:41 http://archive.ubuntu.com/ubuntu noble/main amd64 glib-networking-common all 2.80.0-1build1 [6702 B]
Get:42 http://archive.ubuntu.com/ubuntu noble/main amd64 glib-networking-services amd64 2.80.0-1build1 [12.8 kB]
Get:43 http://archive.ubuntu.com/ubuntu noble-updates/main amd64 dbus-bin amd64 1.14.10-4ubuntu4.1 [39.3 kB]
Get:44 http://archive.ubuntu.com/ubuntu noble-updates/main amd64 dbus-session-bus-common all 1.14.10-4ubuntu4.1 [80.5 kB]
Get:45 http://archive.ubuntu.com/ubuntu noble-updates/main amd64 dbus-daemon amd64 1.14.10-4ubuntu4.1 [118 kB]
Get:46 http://archive.ubuntu.com/ubuntu noble-updates/main amd64 dbus-system-bus-common all 1.14.10-4ubuntu4.1 [81.6 kB]
Get:47 http://archive.ubuntu.com/ubuntu noble-updates/main amd64 dbus amd64 1.14.10-4ubuntu4.1 [24.3 kB]
Get:48 http://archive.ubuntu.com/ubuntu noble-updates/main amd64 libpam-systemd amd64 255.4-1ubuntu8.17 [235 kB]
Get:49 http://archive.ubuntu.com/ubuntu noble-updates/main amd64 dbus-user-session amd64 1.14.10-4ubuntu4.1 [9968 B]
Get:50 http://archive.ubuntu.com/ubuntu noble-updates/main amd64 libdconf1 amd64 0.40.0-4ubuntu0.1 [39.6 kB]
Get:51 http://archive.ubuntu.com/ubuntu noble-updates/main amd64 dconf-service amd64 0.40.0-4ubuntu0.1 [27.6 kB]
Get:52 http://archive.ubuntu.com/ubuntu noble-updates/main amd64 dconf-gsettings-backend amd64 0.40.0-4ubuntu0.1 [22.1 kB]
Get:53 http://archive.ubuntu.com/ubuntu noble/main amd64 session-migration amd64 0.3.9build1 [9034 B]
Get:54 http://archive.ubuntu.com/ubuntu noble-updates/main amd64 gsettings-desktop-schemas all 46.1-0ubuntu1 [35.6 kB]
Get:55 http://archive.ubuntu.com/ubuntu noble/main amd64 glib-networking amd64 2.80.0-1build1 [64.1 kB]
Get:56 http://archive.ubuntu.com/ubuntu noble-updates/main amd64 libsoup-3.0-common all 3.4.4-5ubuntu0.7 [11.6 kB]
Get:57 http://archive.ubuntu.com/ubuntu noble-updates/main amd64 libsoup-3.0-0 amd64 3.4.4-5ubuntu0.7 [292 kB]
Get:58 http://archive.ubuntu.com/ubuntu noble/main amd64 libsnapd-glib-2-1 amd64 1.64-0ubuntu5 [107 kB]
Get:59 http://archive.ubuntu.com/ubuntu noble/universe amd64 libsoxr0 amd64 0.1.3-4build3 [80.0 kB]
Get:60 http://archive.ubuntu.com/ubuntu noble/main amd64 libspeexdsp1 amd64 1.2.1-1ubuntu3 [43.1 kB]
Get:61 http://archive.ubuntu.com/ubuntu noble/main amd64 libtdb1 amd64 1.4.10-1build1 [46.8 kB]
Get:62 http://archive.ubuntu.com/ubuntu noble/main amd64 libwebrtc-audio-processing1 amd64 0.3.1-0ubuntu6 [290 kB]
Get:63 http://archive.ubuntu.com/ubuntu noble/main amd64 libwrap0 amd64 7.6.q-33 [47.9 kB]
Get:64 http://archive.ubuntu.com/ubuntu noble/main amd64 libxtst6 amd64 2:1.2.3-1.1build1 [12.6 kB]
Get:65 http://archive.ubuntu.com/ubuntu noble-updates/universe amd64 libva2 amd64 2.20.0-2ubuntu0.2 [66.4 kB]
Get:66 http://archive.ubuntu.com/ubuntu noble-updates/universe amd64 libva-drm2 amd64 2.20.0-2ubuntu0.2 [7124 B]
Get:67 http://archive.ubuntu.com/ubuntu noble-updates/universe amd64 libva-x11-2 amd64 2.20.0-2ubuntu0.2 [12.0 kB]
Get:68 http://archive.ubuntu.com/ubuntu noble/main amd64 libvdpau1 amd64 1.5-2build1 [27.8 kB]
Get:69 http://archive.ubuntu.com/ubuntu noble/main amd64 libwayland-client0 amd64 1.22.0-2.1build1 [26.4 kB]
Get:70 http://archive.ubuntu.com/ubuntu noble/universe amd64 libvpl2 amd64 2023.3.0-1build1 [99.8 kB]
Get:71 http://archive.ubuntu.com/ubuntu noble/universe amd64 ocl-icd-libopencl1 amd64 2.3.2-1build1 [38.5 kB]
Get:72 http://archive.ubuntu.com/ubuntu noble/universe amd64 libavutil58 amd64 7:6.1.1-3ubuntu5 [401 kB]
Get:73 http://archive.ubuntu.com/ubuntu noble/universe amd64 libcodec2-1.2 amd64 1.2.0-2build1 [8998 kB]
Get:74 http://archive.ubuntu.com/ubuntu noble/universe amd64 libdav1d7 amd64 1.4.1-1build1 [604 kB]
Get:75 http://archive.ubuntu.com/ubuntu noble/universe amd64 libgsm1 amd64 1.0.22-1build1 [27.8 kB]
Get:76 http://archive.ubuntu.com/ubuntu noble/universe amd64 libhwy1t64 amd64 1.0.7-8.1build1 [584 kB]
Get:77 http://archive.ubuntu.com/ubuntu noble-updates/universe amd64 libjxl0.7 amd64 0.7.0-10.2ubuntu6.1 [1001 kB]
Get:78 http://archive.ubuntu.com/ubuntu noble/universe amd64 librav1e0 amd64 0.7.1-2 [1022 kB]
Get:79 http://archive.ubuntu.com/ubuntu noble/main amd64 libcairo-gobject2 amd64 1.18.0-3build1 [127 kB]
Get:80 http://archive.ubuntu.com/ubuntu noble-updates/main amd64 libgdk-pixbuf2.0-common all 2.42.10+dfsg-3ubuntu3.3 [8302 B]
Get:81 http://archive.ubuntu.com/ubuntu noble/main amd64 shared-mime-info amd64 2.4-4 [474 kB]
Get:82 http://archive.ubuntu.com/ubuntu noble-updates/main amd64 libgdk-pixbuf-2.0-0 amd64 2.42.10+dfsg-3ubuntu3.3 [147 kB]
Get:83 http://archive.ubuntu.com/ubuntu noble/main amd64 libpangoft2-1.0-0 amd64 1.52.1+ds-1build1 [42.5 kB]
Get:84 http://archive.ubuntu.com/ubuntu noble/main amd64 libpangocairo-1.0-0 amd64 1.52.1+ds-1build1 [28.8 kB]
Get:85 http://archive.ubuntu.com/ubuntu noble/main amd64 librsvg2-2 amd64 2.58.0+dfsg-1build1 [2135 kB]
Get:86 http://archive.ubuntu.com/ubuntu noble/universe amd64 libshine3 amd64 3.1.1-2build1 [23.2 kB]
Get:87 http://archive.ubuntu.com/ubuntu noble/main amd64 libsnappy1v5 amd64 1.1.10-1build1 [28.6 kB]
Get:88 http://archive.ubuntu.com/ubuntu noble-updates/main amd64 libspeex1 amd64 1.2.1-2ubuntu2.24.04.1 [59.6 kB]
Get:89 http://archive.ubuntu.com/ubuntu noble/universe amd64 libsvtav1enc1d1 amd64 1.7.0+dfsg-2build1 [2425 kB]
Get:90 http://archive.ubuntu.com/ubuntu noble/universe amd64 libswresample4 amd64 7:6.1.1-3ubuntu5 [63.8 kB]
Get:91 http://archive.ubuntu.com/ubuntu noble/main amd64 libtheora0 amd64 1.1.1+dfsg.1-16.1build3 [211 kB]
Get:92 http://archive.ubuntu.com/ubuntu noble/main amd64 libtwolame0 amd64 0.4.0-2build3 [52.3 kB]
Get:93 http://archive.ubuntu.com/ubuntu noble-updates/main amd64 libvpx9 amd64 1.14.0-1ubuntu2.3 [1143 kB]
Get:94 http://archive.ubuntu.com/ubuntu noble/universe amd64 libx264-164 amd64 2:0.164.3108+git31e19f9-1 [604 kB]
Get:95 http://archive.ubuntu.com/ubuntu noble-updates/main amd64 libnuma1 amd64 2.0.18-1ubuntu0.24.04.1 [23.4 kB]
Get:96 http://archive.ubuntu.com/ubuntu noble/universe amd64 libx265-199 amd64 3.5-2build1 [1226 kB]
Get:97 http://archive.ubuntu.com/ubuntu noble/universe amd64 libxvidcore4 amd64 2:1.3.7-1build1 [219 kB]
Get:98 http://archive.ubuntu.com/ubuntu noble/universe amd64 libzvbi-common all 0.2.42-2 [42.4 kB]
Get:99 http://archive.ubuntu.com/ubuntu noble/universe amd64 libzvbi0t64 amd64 0.2.42-2 [261 kB]
Get:100 http://archive.ubuntu.com/ubuntu noble/universe amd64 libavcodec60 amd64 7:6.1.1-3ubuntu5 [5851 kB]
Get:101 http://archive.ubuntu.com/ubuntu noble/main amd64 libsamplerate0 amd64 0.2.2-4build1 [1344 kB]
Get:102 http://archive.ubuntu.com/ubuntu noble/main amd64 libjack-jackd2-0 amd64 1.9.21~dfsg-3ubuntu3 [289 kB]
Get:103 http://archive.ubuntu.com/ubuntu noble/universe amd64 libasound2-plugins amd64 1.2.7.1-1ubuntu5 [74.8 kB]
Get:104 http://archive.ubuntu.com/ubuntu noble-updates/universe amd64 pulseaudio-utils amd64 1:16.1+dfsg1-2ubuntu10.1 [73.5 kB]
Get:105 http://archive.ubuntu.com/ubuntu noble-updates/universe amd64 pulseaudio amd64 1:16.1+dfsg1-2ubuntu10.1 [884 kB]
Get:106 http://archive.ubuntu.com/ubuntu noble/main amd64 sgml-base all 1.31 [11.4 kB]
Get:107 http://archive.ubuntu.com/ubuntu noble-updates/main amd64 libsmartcols1 amd64 2.39.3-9ubuntu6.6 [66.3 kB]
Get:108 http://archive.ubuntu.com/ubuntu noble-updates/main amd64 libncursesw6 amd64 6.4+20240113-1ubuntu2.2 [148 kB]
Get:109 http://archive.ubuntu.com/ubuntu noble-updates/main amd64 libtinfo6 amd64 6.4+20240113-1ubuntu2.2 [108 kB]
Get:110 http://archive.ubuntu.com/ubuntu noble-updates/main amd64 gir1.2-glib-2.0 amd64 2.80.0-6ubuntu3.8 [183 kB]
Get:111 http://archive.ubuntu.com/ubuntu noble/main amd64 libgirepository-1.0-1 amd64 1.80.1-1 [81.9 kB]
Get:112 http://archive.ubuntu.com/ubuntu noble/main amd64 gir1.2-girepository-2.0 amd64 1.80.1-1 [24.5 kB]
Get:113 http://archive.ubuntu.com/ubuntu noble-updates/main amd64 libglib2.0-data all 2.80.0-6ubuntu3.8 [49.6 kB]
Get:114 http://archive.ubuntu.com/ubuntu noble/main amd64 libslang2 amd64 2.3.3-3build2 [506 kB]
Get:115 http://archive.ubuntu.com/ubuntu noble/main amd64 libtext-iconv-perl amd64 1.7-8build3 [13.5 kB]
Get:116 http://archive.ubuntu.com/ubuntu noble/main amd64 libmagic-mgc amd64 1:5.45-3build1 [307 kB]
Get:117 http://archive.ubuntu.com/ubuntu noble/main amd64 libmagic1t64 amd64 1:5.45-3build1 [87.2 kB]
Get:118 http://archive.ubuntu.com/ubuntu noble/main amd64 file amd64 1:5.45-3build1 [22.0 kB]
Get:119 http://archive.ubuntu.com/ubuntu noble/main amd64 libevdev2 amd64 1.13.1+dfsg-1build1 [37.8 kB]
Get:120 http://archive.ubuntu.com/ubuntu noble/main amd64 libgpm2 amd64 1.20.7-11 [14.1 kB]
Get:121 http://archive.ubuntu.com/ubuntu noble-updates/main amd64 libncurses6 amd64 6.4+20240113-1ubuntu2.2 [112 kB]
Get:122 http://archive.ubuntu.com/ubuntu noble/main amd64 libuv1t64 amd64 1.48.0-1.1build1 [97.3 kB]
Get:123 http://archive.ubuntu.com/ubuntu noble/main amd64 strace amd64 6.8-0ubuntu2 [584 kB]
Get:124 http://archive.ubuntu.com/ubuntu noble-updates/main amd64 gtk-update-icon-cache amd64 3.24.41-4ubuntu1.3 [51.9 kB]
Get:125 http://archive.ubuntu.com/ubuntu noble/main amd64 humanity-icon-theme all 0.6.16 [1282 kB]
Get:126 http://archive.ubuntu.com/ubuntu noble/main amd64 ubuntu-mono all 24.04-0ubuntu1 [151 kB]
Get:127 http://archive.ubuntu.com/ubuntu noble/main amd64 adwaita-icon-theme all 46.0-1 [723 kB]
Get:128 http://archive.ubuntu.com/ubuntu noble-updates/main amd64 bubblewrap amd64 0.9.0-1ubuntu0.1 [50.2 kB]
Get:129 http://archive.ubuntu.com/ubuntu noble-updates/main amd64 libarchive13t64 amd64 3.7.2-2ubuntu0.8 [383 kB]
Get:130 http://archive.ubuntu.com/ubuntu noble/main amd64 libjsoncpp25 amd64 1.9.5-6build1 [82.8 kB]
Get:131 http://archive.ubuntu.com/ubuntu noble/main amd64 librhash0 amd64 1.4.3-3build1 [129 kB]
Get:132 http://archive.ubuntu.com/ubuntu noble/main amd64 cmake-data all 3.28.3-1build7 [2155 kB]
Get:133 http://archive.ubuntu.com/ubuntu noble/main amd64 cmake amd64 3.28.3-1build7 [11.2 MB]
Get:134 http://archive.ubuntu.com/ubuntu noble/main amd64 emacsen-common all 3.0.5 [12.1 kB]
Get:135 http://archive.ubuntu.com/ubuntu noble/main amd64 dictionaries-common all 1.29.7 [188 kB]
Get:136 http://archive.ubuntu.com/ubuntu noble/main amd64 gir1.2-atk-1.0 amd64 2.52.0-1build1 [23.1 kB]
Get:137 http://archive.ubuntu.com/ubuntu noble/main amd64 gir1.2-freedesktop amd64 1.80.1-1 [49.7 kB]
Get:138 http://archive.ubuntu.com/ubuntu noble-updates/main amd64 gir1.2-gdkpixbuf-2.0 amd64 2.42.10+dfsg-3ubuntu3.3 [9482 B]
Get:139 http://archive.ubuntu.com/ubuntu noble/main amd64 libharfbuzz-gobject0 amd64 8.3.0-2build2 [34.3 kB]
Get:140 http://archive.ubuntu.com/ubuntu noble/main amd64 gir1.2-harfbuzz-0.0 amd64 8.3.0-2build2 [44.5 kB]
Get:141 http://archive.ubuntu.com/ubuntu noble/main amd64 libxft2 amd64 2.3.6-1build1 [45.3 kB]
Get:142 http://archive.ubuntu.com/ubuntu noble/main amd64 libpangoxft-1.0-0 amd64 1.52.1+ds-1build1 [20.3 kB]
Get:143 http://archive.ubuntu.com/ubuntu noble/main amd64 gir1.2-pango-1.0 amd64 1.52.1+ds-1build1 [34.8 kB]
Get:144 http://archive.ubuntu.com/ubuntu noble/main amd64 libcolord2 amd64 1.4.7-1build2 [149 kB]
Get:145 http://archive.ubuntu.com/ubuntu noble/main amd64 libepoxy0 amd64 1.5.10-1build1 [220 kB]
Get:146 http://archive.ubuntu.com/ubuntu noble/main amd64 libwayland-cursor0 amd64 1.22.0-2.1build1 [10.4 kB]
Get:147 http://archive.ubuntu.com/ubuntu noble/main amd64 libwayland-egl1 amd64 1.22.0-2.1build1 [5628 B]
Get:148 http://archive.ubuntu.com/ubuntu noble/main amd64 libxcursor1 amd64 1:1.2.1-1build1 [20.7 kB]
Get:149 http://archive.ubuntu.com/ubuntu noble/main amd64 libxinerama1 amd64 2:1.1.4-3build1 [6396 B]
Get:150 http://archive.ubuntu.com/ubuntu noble-updates/main amd64 libgtk-3-common all 3.24.41-4ubuntu1.3 [1426 kB]
Get:151 http://archive.ubuntu.com/ubuntu noble-updates/main amd64 libgtk-3-0t64 amd64 3.24.41-4ubuntu1.3 [2913 kB]
Get:152 http://archive.ubuntu.com/ubuntu noble-updates/main amd64 gir1.2-gtk-3.0 amd64 3.24.41-4ubuntu1.3 [245 kB]
Get:153 http://archive.ubuntu.com/ubuntu noble/main amd64 libdbusmenu-glib4 amd64 18.10.20180917~bzr492+repack1-3.1ubuntu5 [43.0 kB]
Get:154 http://archive.ubuntu.com/ubuntu noble/main amd64 libdbusmenu-gtk3-4 amd64 18.10.20180917~bzr492+repack1-3.1ubuntu5 [27.6 kB]
Get:155 http://archive.ubuntu.com/ubuntu noble/universe amd64 libappindicator3-1 amd64 12.10.1+20.10.20200706.1-0ubuntu5 [23.3 kB]
Get:156 http://archive.ubuntu.com/ubuntu noble/universe amd64 gir1.2-appindicator3-0.1 amd64 12.10.1+20.10.20200706.1-0ubuntu5 [3520 B]
Get:157 http://archive.ubuntu.com/ubuntu noble/main amd64 gir1.2-atspi-2.0 amd64 2.52.0-1build1 [19.8 kB]
Get:158 http://archive.ubuntu.com/ubuntu noble/main amd64 gir1.2-dbusmenu-glib-0.4 amd64 18.10.20180917~bzr492+repack1-3.1ubuntu5 [7088 B]
Get:159 http://archive.ubuntu.com/ubuntu noble-updates/main amd64 gir1.2-glib-2.0-dev amd64 2.80.0-6ubuntu3.8 [848 kB]
Get:160 http://archive.ubuntu.com/ubuntu noble/main amd64 gir1.2-freedesktop-dev amd64 1.80.1-1 [28.8 kB]
Get:161 http://archive.ubuntu.com/ubuntu noble/main amd64 gir1.2-girepository-2.0-dev amd64 1.80.1-1 [41.5 kB]
Get:162 http://archive.ubuntu.com/ubuntu noble-updates/main amd64 libjavascriptcoregtk-4.1-0 amd64 2.52.6-0ubuntu0.24.04.1 [8156 kB]
Get:163 http://archive.ubuntu.com/ubuntu noble-updates/main amd64 gir1.2-javascriptcoregtk-4.1 amd64 2.52.6-0ubuntu0.24.04.1 [38.6 kB]
Get:164 http://archive.ubuntu.com/ubuntu noble/main amd64 gir1.2-rsvg-2.0 amd64 2.58.0+dfsg-1build1 [11.1 kB]
Get:165 http://archive.ubuntu.com/ubuntu noble-updates/main amd64 gir1.2-soup-3.0 amd64 3.4.4-5ubuntu0.7 [22.5 kB]
Get:166 http://archive.ubuntu.com/ubuntu noble/main amd64 libcdparanoia0 amd64 3.10.2+debian-14build3 [48.5 kB]
Get:167 http://archive.ubuntu.com/ubuntu noble/main amd64 libvisual-0.4-0 amd64 0.4.2-2build1 [115 kB]
Get:168 http://archive.ubuntu.com/ubuntu noble-updates/main amd64 gstreamer1.0-plugins-base amd64 1.24.2-1ubuntu0.4 [721 kB]
Get:169 http://archive.ubuntu.com/ubuntu noble/main amd64 libaa1 amd64 1.4p5-51.1 [49.9 kB]
Get:170 http://archive.ubuntu.com/ubuntu noble/main amd64 libraw1394-11 amd64 2.1.2-2build3 [26.2 kB]
Get:171 http://archive.ubuntu.com/ubuntu noble/main amd64 libavc1394-0 amd64 0.5.4-5build3 [15.4 kB]
Get:172 http://archive.ubuntu.com/ubuntu noble-updates/main amd64 libcaca0 amd64 0.99.beta20-4ubuntu0.2 [209 kB]
Get:173 http://archive.ubuntu.com/ubuntu noble/main amd64 libdv4t64 amd64 1.0.0-17.1build1 [63.2 kB]
Get:174 http://archive.ubuntu.com/ubuntu noble-updates/main amd64 libgstreamer-plugins-good1.0-0 amd64 1.24.2-1ubuntu1.5 [33.5 kB]
Get:175 http://archive.ubuntu.com/ubuntu noble/main amd64 libgudev-1.0-0 amd64 1:238-5ubuntu1 [15.9 kB]
Get:176 http://archive.ubuntu.com/ubuntu noble/main amd64 libiec61883-0 amd64 1.2.0-6build1 [24.5 kB]
Get:177 http://archive.ubuntu.com/ubuntu noble/main amd64 libshout3 amd64 2.4.6-1build2 [50.3 kB]
Get:178 http://archive.ubuntu.com/ubuntu noble/main amd64 libtag1v5-vanilla amd64 1.13.1-1build1 [326 kB]
Get:179 http://archive.ubuntu.com/ubuntu noble/main amd64 libtag1v5 amd64 1.13.1-1build1 [11.7 kB]
Get:180 http://archive.ubuntu.com/ubuntu noble/main amd64 libv4lconvert0t64 amd64 1.26.1-4build3 [87.6 kB]
Get:181 http://archive.ubuntu.com/ubuntu noble/main amd64 libv4l-0t64 amd64 1.26.1-4build3 [46.9 kB]
Get:182 http://archive.ubuntu.com/ubuntu noble/main amd64 libwavpack1 amd64 5.6.0-1build1 [84.6 kB]
Get:183 http://archive.ubuntu.com/ubuntu noble-updates/main amd64 gstreamer1.0-plugins-good amd64 1.24.2-1ubuntu1.5 [2236 kB]
Get:184 http://archive.ubuntu.com/ubuntu noble/main amd64 libgles2 amd64 1.7.0-1build1 [17.1 kB]
Get:185 http://archive.ubuntu.com/ubuntu noble-updates/main amd64 xdg-dbus-proxy amd64 0.1.5-1ubuntu0.2 [26.4 kB]
Get:186 http://archive.ubuntu.com/ubuntu noble/main amd64 hunspell-en-us all 1:2020.12.07-2 [280 kB]
Get:187 http://archive.ubuntu.com/ubuntu noble/main amd64 libaspell15 amd64 0.60.8.1-1build1 [323 kB]
Get:188 http://archive.ubuntu.com/ubuntu noble/main amd64 libhunspell-1.7-0 amd64 1.7.2+really1.7.2-10build3 [294 kB]
Get:189 http://archive.ubuntu.com/ubuntu noble/main amd64 libenchant-2-2 amd64 2.3.3-2build2 [51.4 kB]
Get:190 http://archive.ubuntu.com/ubuntu noble-updates/main amd64 libegl-mesa0 amd64 25.2.8-0ubuntu0.24.04.2 [117 kB]
Get:191 http://archive.ubuntu.com/ubuntu noble/main amd64 libegl1 amd64 1.7.0-1build1 [28.7 kB]
Get:192 http://archive.ubuntu.com/ubuntu noble-updates/main amd64 libgstreamer-gl1.0-0 amd64 1.24.2-1ubuntu0.4 [214 kB]
Get:193 http://archive.ubuntu.com/ubuntu noble/main amd64 libharfbuzz-icu0 amd64 8.3.0-2build2 [13.3 kB]
Get:194 http://archive.ubuntu.com/ubuntu noble/main amd64 libhyphen0 amd64 2.8.8-7build3 [26.5 kB]
Get:195 http://archive.ubuntu.com/ubuntu noble/main amd64 libmanette-0.2-0 amd64 0.2.7-1build2 [30.6 kB]
Get:196 http://archive.ubuntu.com/ubuntu noble/main amd64 libsecret-common all 0.21.4-1build3 [4962 B]
Get:197 http://archive.ubuntu.com/ubuntu noble/main amd64 libsecret-1-0 amd64 0.21.4-1build3 [116 kB]
Get:198 http://archive.ubuntu.com/ubuntu noble/main amd64 libwayland-server0 amd64 1.22.0-2.1build1 [33.9 kB]
Get:199 http://archive.ubuntu.com/ubuntu noble-updates/main amd64 libxslt1.1 amd64 1.1.39-0exp1ubuntu0.24.04.3 [168 kB]
Get:200 http://archive.ubuntu.com/ubuntu noble-updates/main amd64 libwebkit2gtk-4.1-0 amd64 2.52.6-0ubuntu0.24.04.1 [25.5 MB]
Get:201 http://archive.ubuntu.com/ubuntu noble-updates/main amd64 gir1.2-webkit2-4.1 amd64 2.52.6-0ubuntu0.24.04.1 [105 kB]
Get:202 http://archive.ubuntu.com/ubuntu noble/main amd64 python3-markupsafe amd64 2.1.5-1build2 [12.7 kB]
Get:203 http://archive.ubuntu.com/ubuntu noble-updates/main amd64 python3-mako all 1.3.2-1ubuntu0.1 [63.4 kB]
Get:204 http://archive.ubuntu.com/ubuntu noble/main amd64 python3-markdown all 3.5.2-1 [72.0 kB]
Get:205 http://archive.ubuntu.com/ubuntu noble/main amd64 gobject-introspection-bin amd64 1.80.1-1 [254 kB]
Get:206 http://archive.ubuntu.com/ubuntu noble/main amd64 libffi-dev amd64 3.4.6-1build1 [62.8 kB]
Get:207 http://archive.ubuntu.com/ubuntu noble-updates/main amd64 libglib2.0-bin amd64 2.80.0-6ubuntu3.8 [97.9 kB]
Get:208 http://archive.ubuntu.com/ubuntu noble/main amd64 python3-packaging all 24.0-1 [41.1 kB]
Get:209 http://archive.ubuntu.com/ubuntu noble-updates/main amd64 libglib2.0-dev-bin amd64 2.80.0-6ubuntu3.8 [138 kB]
Get:210 http://archive.ubuntu.com/ubuntu noble-updates/main amd64 uuid-dev amd64 2.39.3-9ubuntu6.6 [33.5 kB]
Get:211 http://archive.ubuntu.com/ubuntu noble-updates/main amd64 libblkid-dev amd64 2.39.3-9ubuntu6.6 [205 kB]
Get:212 http://archive.ubuntu.com/ubuntu noble/main amd64 libsepol-dev amd64 3.5-2build1 [384 kB]
Get:213 http://archive.ubuntu.com/ubuntu noble-updates/main amd64 libpcre2-16-0 amd64 10.42-4ubuntu2.1 [210 kB]
Get:214 http://archive.ubuntu.com/ubuntu noble-updates/main amd64 libpcre2-32-0 amd64 10.42-4ubuntu2.1 [197 kB]
Get:215 http://archive.ubuntu.com/ubuntu noble-updates/main amd64 libpcre2-posix3 amd64 10.42-4ubuntu2.1 [6748 B]
Get:216 http://archive.ubuntu.com/ubuntu noble-updates/main amd64 libpcre2-dev amd64 10.42-4ubuntu2.1 [736 kB]
Get:217 http://archive.ubuntu.com/ubuntu noble-updates/main amd64 libselinux1-dev amd64 3.5-2ubuntu2.1 [164 kB]
Get:218 http://archive.ubuntu.com/ubuntu noble-updates/main amd64 libmount-dev amd64 2.39.3-9ubuntu6.6 [14.9 kB]
Get:219 http://archive.ubuntu.com/ubuntu noble-updates/main amd64 libgirepository-2.0-0 amd64 2.80.0-6ubuntu3.8 [73.6 kB]
Get:220 http://archive.ubuntu.com/ubuntu noble-updates/main amd64 libglib2.0-dev amd64 2.80.0-6ubuntu3.8 [1860 kB]
Get:221 http://archive.ubuntu.com/ubuntu noble/main amd64 gobject-introspection amd64 1.80.1-1 [105 kB]
Get:222 http://archive.ubuntu.com/ubuntu noble-updates/main amd64 icu-devtools amd64 74.2-1ubuntu3.1 [212 kB]
Get:223 http://archive.ubuntu.com/ubuntu noble/main amd64 libdbusmenu-glib-dev amd64 18.10.20180917~bzr492+repack1-3.1ubuntu5 [70.6 kB]
Get:224 http://archive.ubuntu.com/ubuntu noble/main amd64 xml-core all 0.19 [20.3 kB]
Get:225 http://archive.ubuntu.com/ubuntu noble-updates/main amd64 libdbus-1-dev amd64 1.14.10-4ubuntu4.1 [190 kB]
Get:226 http://archive.ubuntu.com/ubuntu noble/main amd64 libdbus-glib-1-2 amd64 0.112-3build2 [64.2 kB]
Get:227 http://archive.ubuntu.com/ubuntu noble/universe amd64 libdbus-glib-1-dev-bin amd64 0.112-3build2 [43.5 kB]
Get:228 http://archive.ubuntu.com/ubuntu noble/universe amd64 libdbus-glib-1-dev amd64 0.112-3build2 [81.2 kB]
Get:229 http://archive.ubuntu.com/ubuntu noble/main amd64 libatk1.0-dev amd64 2.52.0-1build1 [100 kB]
Get:230 http://archive.ubuntu.com/ubuntu noble/main amd64 xorg-sgml-doctools all 1:1.11-1.1 [10.9 kB]
Get:231 http://archive.ubuntu.com/ubuntu noble/main amd64 x11proto-dev all 2023.2-1 [602 kB]
Get:232 http://archive.ubuntu.com/ubuntu noble/main amd64 libxau-dev amd64 1:1.0.9-1build6 [9570 B]
Get:233 http://archive.ubuntu.com/ubuntu noble/main amd64 libxdmcp-dev amd64 1:1.1.3-0ubuntu6 [26.5 kB]
Get:234 http://archive.ubuntu.com/ubuntu noble/main amd64 xtrans-dev all 1.4.0-1 [68.9 kB]
Get:235 http://archive.ubuntu.com/ubuntu noble/main amd64 libpthread-stubs0-dev amd64 0.4-1build3 [4746 B]
Get:236 http://archive.ubuntu.com/ubuntu noble/main amd64 libxcb1-dev amd64 1.15-1ubuntu2 [85.8 kB]
Get:237 http://archive.ubuntu.com/ubuntu noble/main amd64 libx11-dev amd64 2:1.8.7-1build1 [732 kB]
Get:238 http://archive.ubuntu.com/ubuntu noble/main amd64 libxext-dev amd64 2:1.3.4-1build2 [83.5 kB]
Get:239 http://archive.ubuntu.com/ubuntu noble/main amd64 libxfixes-dev amd64 1:6.0.0-2build1 [12.1 kB]
Get:240 http://archive.ubuntu.com/ubuntu noble/main amd64 libxi-dev amd64 2:1.8.1-1build1 [194 kB]
Get:241 http://archive.ubuntu.com/ubuntu noble/main amd64 libxtst-dev amd64 2:1.2.3-1.1build1 [15.9 kB]
Get:242 http://archive.ubuntu.com/ubuntu noble/main amd64 libatspi2.0-dev amd64 2.52.0-1build1 [76.2 kB]
Get:243 http://archive.ubuntu.com/ubuntu noble/main amd64 libatk-bridge2.0-dev amd64 2.52.0-1build1 [4284 B]
Get:244 http://archive.ubuntu.com/ubuntu noble/main amd64 liblzo2-2 amd64 2.10-2build4 [54.1 kB]
Get:245 http://archive.ubuntu.com/ubuntu noble/main amd64 libcairo-script-interpreter2 amd64 1.18.0-3build1 [60.3 kB]
Get:246 http://archive.ubuntu.com/ubuntu noble/main amd64 libbrotli-dev amd64 1.1.0-2build2 [353 kB]
Get:247 http://archive.ubuntu.com/ubuntu noble-updates/main amd64 libbz2-dev amd64 1.0.8-5.1ubuntu0.1 [33.6 kB]
Get:248 http://archive.ubuntu.com/ubuntu noble-updates/main amd64 libpng-dev amd64 1.6.43-5ubuntu0.6 [265 kB]
Get:249 http://archive.ubuntu.com/ubuntu noble-updates/main amd64 libfreetype-dev amd64 2.13.2+dfsg-1ubuntu0.1 [575 kB]
Get:250 http://archive.ubuntu.com/ubuntu noble/main amd64 libfontconfig-dev amd64 2.15.0-1.1ubuntu2 [161 kB]
Get:251 http://archive.ubuntu.com/ubuntu noble/main amd64 libpixman-1-dev amd64 0.42.2-1build1 [296 kB]
Get:252 http://archive.ubuntu.com/ubuntu noble/main amd64 libice-dev amd64 2:1.0.10-1build3 [51.0 kB]
Get:253 http://archive.ubuntu.com/ubuntu noble/main amd64 libsm-dev amd64 2:1.2.3-1build3 [17.8 kB]
Get:254 http://archive.ubuntu.com/ubuntu noble/main amd64 libxcb-render0-dev amd64 1.15-1ubuntu2 [19.6 kB]
Get:255 http://archive.ubuntu.com/ubuntu noble/main amd64 libxcb-shm0-dev amd64 1.15-1ubuntu2 [8246 B]
Get:256 http://archive.ubuntu.com/ubuntu noble/main amd64 libxrender-dev amd64 1:0.9.10-1.1build1 [26.3 kB]
Get:257 http://archive.ubuntu.com/ubuntu noble/main amd64 libcairo2-dev amd64 1.18.0-3build1 [41.1 kB]
Get:258 http://archive.ubuntu.com/ubuntu noble/main amd64 libglx-dev amd64 1.7.0-1build1 [14.2 kB]
Get:259 http://archive.ubuntu.com/ubuntu noble/main amd64 libgl-dev amd64 1.7.0-1build1 [102 kB]
Get:260 http://archive.ubuntu.com/ubuntu noble/main amd64 libegl-dev amd64 1.7.0-1build1 [18.2 kB]
Get:261 http://archive.ubuntu.com/ubuntu noble/main amd64 libglvnd-core-dev amd64 1.7.0-1build1 [13.6 kB]
Get:262 http://archive.ubuntu.com/ubuntu noble/main amd64 libgles1 amd64 1.7.0-1build1 [11.6 kB]
Get:263 http://archive.ubuntu.com/ubuntu noble/main amd64 libgles-dev amd64 1.7.0-1build1 [50.5 kB]
Get:264 http://archive.ubuntu.com/ubuntu noble/main amd64 libopengl0 amd64 1.7.0-1build1 [32.8 kB]
Get:265 http://archive.ubuntu.com/ubuntu noble/main amd64 libopengl-dev amd64 1.7.0-1build1 [3454 B]
Get:266 http://archive.ubuntu.com/ubuntu noble/main amd64 libglvnd-dev amd64 1.7.0-1build1 [3198 B]
Get:267 http://archive.ubuntu.com/ubuntu noble-updates/main amd64 libegl1-mesa-dev amd64 25.2.8-0ubuntu0.24.04.2 [26.7 kB]
Get:268 http://archive.ubuntu.com/ubuntu noble/main amd64 libepoxy-dev amd64 1.5.10-1build1 [132 kB]
Get:269 http://archive.ubuntu.com/ubuntu noble/main amd64 libfribidi-dev amd64 1.0.13-3build1 [64.8 kB]
Get:270 http://archive.ubuntu.com/ubuntu noble-updates/main amd64 libgdk-pixbuf2.0-bin amd64 2.42.10+dfsg-3ubuntu3.3 [13.9 kB]
Get:271 http://archive.ubuntu.com/ubuntu noble/main amd64 libjpeg-turbo8-dev amd64 2.1.5-2ubuntu2 [295 kB]
Get:272 http://archive.ubuntu.com/ubuntu noble/main amd64 libjpeg8-dev amd64 8c-2ubuntu11 [1484 B]
Get:273 http://archive.ubuntu.com/ubuntu noble/main amd64 libjpeg-dev amd64 8c-2ubuntu11 [1482 B]
Get:274 http://archive.ubuntu.com/ubuntu noble/main amd64 libjbig-dev amd64 2.1-6.1ubuntu2 [27.9 kB]
Get:275 http://archive.ubuntu.com/ubuntu noble-updates/main amd64 liblzma-dev amd64 5.6.1+really5.4.5-1ubuntu0.3 [176 kB]
Get:276 http://archive.ubuntu.com/ubuntu noble-updates/main amd64 libzstd-dev amd64 1.5.5+dfsg2-2build1.1 [364 kB]
Get:277 http://archive.ubuntu.com/ubuntu noble/main amd64 libwebpdecoder3 amd64 1.3.2-0.4build3 [114 kB]
Get:278 http://archive.ubuntu.com/ubuntu noble/main amd64 libsharpyuv-dev amd64 1.3.2-0.4build3 [16.0 kB]
Get:279 http://archive.ubuntu.com/ubuntu noble/main amd64 libwebp-dev amd64 1.3.2-0.4build3 [367 kB]
Get:280 http://archive.ubuntu.com/ubuntu noble-updates/main amd64 libtiffxx6 amd64 4.5.1+git230720-4ubuntu2.5 [5642 B]
Get:281 http://archive.ubuntu.com/ubuntu noble-updates/main amd64 libdeflate-dev amd64 1.19-1build1.1 [50.9 kB]
Get:282 http://archive.ubuntu.com/ubuntu noble/main amd64 liblerc-dev amd64 4.0.0+ds-4ubuntu2 [182 kB]
Get:283 http://archive.ubuntu.com/ubuntu noble-updates/main amd64 libtiff-dev amd64 4.5.1+git230720-4ubuntu2.5 [338 kB]
Get:284 http://archive.ubuntu.com/ubuntu noble-updates/main amd64 libgdk-pixbuf-2.0-dev amd64 2.42.10+dfsg-3ubuntu3.3 [47.9 kB]
Get:285 http://archive.ubuntu.com/ubuntu noble/main amd64 libharfbuzz-subset0 amd64 8.3.0-2build2 [448 kB]
Get:286 http://archive.ubuntu.com/ubuntu noble/main amd64 libharfbuzz-cairo0 amd64 8.3.0-2build2 [26.2 kB]
Get:287 http://archive.ubuntu.com/ubuntu noble-updates/main amd64 libgraphite2-dev amd64 1.3.14-2ubuntu0.24.04.1 [14.7 kB]
Get:288 http://archive.ubuntu.com/ubuntu noble-updates/main amd64 libicu-dev amd64 74.2-1ubuntu3.1 [11.9 MB]
Get:289 http://archive.ubuntu.com/ubuntu noble/main amd64 libharfbuzz-dev amd64 8.3.0-2build2 [142 kB]
Get:290 http://archive.ubuntu.com/ubuntu noble/main amd64 libdatrie-dev amd64 0.2.13-3build1 [19.4 kB]
Get:291 http://archive.ubuntu.com/ubuntu noble/main amd64 libthai-dev amd64 0.1.29-2build1 [26.6 kB]
Get:292 http://archive.ubuntu.com/ubuntu noble/main amd64 libxft-dev amd64 2.3.6-1build1 [64.3 kB]
Get:293 http://archive.ubuntu.com/ubuntu noble/main amd64 pango1.0-tools amd64 1.52.1+ds-1build1 [36.7 kB]
Get:294 http://archive.ubuntu.com/ubuntu noble/main amd64 libpango1.0-dev amd64 1.52.1+ds-1build1 [147 kB]
Get:295 http://archive.ubuntu.com/ubuntu noble/main amd64 libwayland-bin amd64 1.22.0-2.1build1 [20.6 kB]
Get:296 http://archive.ubuntu.com/ubuntu noble/main amd64 libwayland-dev amd64 1.22.0-2.1build1 [71.3 kB]
Get:297 http://archive.ubuntu.com/ubuntu noble/main amd64 libxcomposite-dev amd64 1:0.4.5-1build3 [9374 B]
Get:298 http://archive.ubuntu.com/ubuntu noble/main amd64 libxcursor-dev amd64 1:1.2.1-1build1 [31.8 kB]
Get:299 http://archive.ubuntu.com/ubuntu noble/main amd64 libxdamage-dev amd64 1:1.1.6-1build1 [5270 B]
Get:300 http://archive.ubuntu.com/ubuntu noble/main amd64 libxinerama-dev amd64 2:1.1.4-3build1 [7988 B]
Get:301 http://archive.ubuntu.com/ubuntu noble/main amd64 libxkbcommon-dev amd64 1.6.0-1build1 [56.3 kB]
Get:302 http://archive.ubuntu.com/ubuntu noble/main amd64 libxrandr-dev amd64 2:1.5.2-2build1 [26.4 kB]
Get:303 http://archive.ubuntu.com/ubuntu noble-updates/main amd64 wayland-protocols all 1.45-1~ubuntu0.24.04.2 [114 kB]
Get:304 http://archive.ubuntu.com/ubuntu noble-updates/main amd64 libgtk-3-dev amd64 3.24.41-4ubuntu1.3 [1096 kB]
Get:305 http://archive.ubuntu.com/ubuntu noble/universe amd64 libappindicator3-dev amd64 12.10.1+20.10.20200706.1-0ubuntu5 [12.1 kB]
Get:306 http://archive.ubuntu.com/ubuntu noble-updates/main amd64 libasound2-dev amd64 1.2.11-1ubuntu0.3 [115 kB]
Get:307 http://archive.ubuntu.com/ubuntu noble/main amd64 libgc1 amd64 1:8.2.6-1build1 [90.3 kB]
Get:308 http://archive.ubuntu.com/ubuntu noble-updates/universe amd64 libobjc4 amd64 14.2.0-4ubuntu2~24.04.1 [47.1 kB]
Get:309 http://archive.ubuntu.com/ubuntu noble-updates/universe amd64 libobjc-13-dev amd64 13.3.0-6ubuntu2~24.04.1 [194 kB]
Get:310 http://archive.ubuntu.com/ubuntu noble-updates/main amd64 libllvm18 amd64 1:18.1.3-1ubuntu1 [27.5 MB]
Get:311 http://archive.ubuntu.com/ubuntu noble-updates/main amd64 libclang1-18 amd64 1:18.1.3-1ubuntu1 [7803 kB]
Get:312 http://archive.ubuntu.com/ubuntu noble-updates/universe amd64 libclang-common-18-dev amd64 1:18.1.3-1ubuntu1 [736 kB]
Get:313 http://archive.ubuntu.com/ubuntu noble-updates/universe amd64 libclang-18-dev amd64 1:18.1.3-1ubuntu1 [28.8 MB]
Get:314 http://archive.ubuntu.com/ubuntu noble/universe amd64 libclang-dev amd64 1:18.0-59~exp2 [5424 B]
Get:315 http://archive.ubuntu.com/ubuntu noble/main amd64 libgirepository-1.0-dev amd64 1.80.1-1 [28.5 kB]
Get:316 http://archive.ubuntu.com/ubuntu noble/main amd64 libgirepository1.0-dev amd64 1.80.1-1 [17.0 kB]
Get:317 http://archive.ubuntu.com/ubuntu noble-updates/universe amd64 libjavascriptcoregtk-4.1-dev amd64 2.52.6-0ubuntu0.24.04.1 [69.8 kB]
Get:318 http://archive.ubuntu.com/ubuntu noble-updates/main amd64 libnghttp2-dev amd64 1.59.0-1ubuntu0.4 [117 kB]
Get:319 http://archive.ubuntu.com/ubuntu noble/main amd64 libpsl-dev amd64 0.21.2-1.1build1 [76.4 kB]
Get:320 http://archive.ubuntu.com/ubuntu noble-updates/main amd64 libpulse-mainloop-glib0 amd64 1:16.1+dfsg1-2ubuntu10.1 [12.2 kB]
Get:321 http://archive.ubuntu.com/ubuntu noble-updates/universe amd64 libpulse-dev amd64 1:16.1+dfsg1-2ubuntu10.1 [75.6 kB]
Get:322 http://archive.ubuntu.com/ubuntu noble/main amd64 librsvg2-common amd64 2.58.0+dfsg-1build1 [11.8 kB]
Get:323 http://archive.ubuntu.com/ubuntu noble/universe amd64 librsvg2-dev amd64 2.58.0+dfsg-1build1 [38.0 kB]
Get:324 http://archive.ubuntu.com/ubuntu noble-updates/main amd64 libsqlite3-dev amd64 3.45.1-1ubuntu2.7 [911 kB]
Get:325 http://archive.ubuntu.com/ubuntu noble/universe amd64 libsysprof-capture-4-dev amd64 46.0-1build1 [51.0 kB]
Get:326 http://archive.ubuntu.com/ubuntu noble-updates/universe amd64 libsoup-3.0-dev amd64 3.4.4-5ubuntu0.7 [105 kB]
Get:327 http://archive.ubuntu.com/ubuntu noble-updates/universe amd64 libwebkit2gtk-4.1-dev amd64 2.52.6-0ubuntu0.24.04.1 [290 kB]
Get:328 http://archive.ubuntu.com/ubuntu noble/universe amd64 patchelf amd64 0.18.0-1.1build1 [106 kB]
debconf: delaying package configuration, since apt-utils is not installed
Fetched 208 MB in 3s (76.9 MB/s)
(Reading database ... (Reading database ... 5%(Reading database ... 10%(Reading database ... 15%(Reading database ... 20%(Reading database ... 25%(Reading database ... 30%(Reading database ... 35%(Reading database ... 40%(Reading database ... 45%(Reading database ... 50%(Reading database ... 55%(Reading database ... 60%(Reading database ... 65%(Reading database ... 70%(Reading database ... 75%(Reading database ... 80%(Reading database ... 85%(Reading database ... 90%(Reading database ... 95%(Reading database ... 100%(Reading database ... 53362 files and directories currently installed.)
Preparing to unpack .../bsdutils_1%3a2.39.3-9ubuntu6.6_amd64.deb ...
Unpacking bsdutils (1:2.39.3-9ubuntu6.6) over (1:2.39.3-9ubuntu6.5) ...
Setting up bsdutils (1:2.39.3-9ubuntu6.6) ...
(Reading database ... (Reading database ... 5%(Reading database ... 10%(Reading database ... 15%(Reading database ... 20%(Reading database ... 25%(Reading database ... 30%(Reading database ... 35%(Reading database ... 40%(Reading database ... 45%(Reading database ... 50%(Reading database ... 55%(Reading database ... 60%(Reading database ... 65%(Reading database ... 70%(Reading database ... 75%(Reading database ... 80%(Reading database ... 85%(Reading database ... 90%(Reading database ... 95%(Reading database ... 100%(Reading database ... 53362 files and directories currently installed.)
Preparing to unpack .../ncurses-bin_6.4+20240113-1ubuntu2.2_amd64.deb ...
Unpacking ncurses-bin (6.4+20240113-1ubuntu2.2) over (6.4+20240113-1ubuntu2.1) ...
Setting up ncurses-bin (6.4+20240113-1ubuntu2.2) ...
(Reading database ... (Reading database ... 5%(Reading database ... 10%(Reading database ... 15%(Reading database ... 20%(Reading database ... 25%(Reading database ... 30%(Reading database ... 35%(Reading database ... 40%(Reading database ... 45%(Reading database ... 50%(Reading database ... 55%(Reading database ... 60%(Reading database ... 65%(Reading database ... 70%(Reading database ... 75%(Reading database ... 80%(Reading database ... 85%(Reading database ... 90%(Reading database ... 95%(Reading database ... 100%(Reading database ... 53362 files and directories currently installed.)
Preparing to unpack .../util-linux_2.39.3-9ubuntu6.6_amd64.deb ...
Unpacking util-linux (2.39.3-9ubuntu6.6) over (2.39.3-9ubuntu6.5) ...
Setting up util-linux (2.39.3-9ubuntu6.6) ...
(Reading database ... (Reading database ... 5%(Reading database ... 10%(Reading database ... 15%(Reading database ... 20%(Reading database ... 25%(Reading database ... 30%(Reading database ... 35%(Reading database ... 40%(Reading database ... 45%(Reading database ... 50%(Reading database ... 55%(Reading database ... 60%(Reading database ... 65%(Reading database ... 70%(Reading database ... 75%(Reading database ... 80%(Reading database ... 85%(Reading database ... 90%(Reading database ... 95%(Reading database ... 100%(Reading database ... 53362 files and directories currently installed.)
Preparing to unpack .../ncurses-base_6.4+20240113-1ubuntu2.2_all.deb ...
Unpacking ncurses-base (6.4+20240113-1ubuntu2.2) over (6.4+20240113-1ubuntu2.1) ...
Setting up ncurses-base (6.4+20240113-1ubuntu2.2) ...
(Reading database ... (Reading database ... 5%(Reading database ... 10%(Reading database ... 15%(Reading database ... 20%(Reading database ... 25%(Reading database ... 30%(Reading database ... 35%(Reading database ... 40%(Reading database ... 45%(Reading database ... 50%(Reading database ... 55%(Reading database ... 60%(Reading database ... 65%(Reading database ... 70%(Reading database ... 75%(Reading database ... 80%(Reading database ... 85%(Reading database ... 90%(Reading database ... 95%(Reading database ... 100%(Reading database ... 53362 files and directories currently installed.)
Preparing to unpack .../mount_2.39.3-9ubuntu6.6_amd64.deb ...
Unpacking mount (2.39.3-9ubuntu6.6) over (2.39.3-9ubuntu6.5) ...
Selecting previously unselected package libapparmor1:amd64.
Preparing to unpack .../libapparmor1_4.0.1really4.0.1-0ubuntu0.24.04.7_amd64.deb ...
Unpacking libapparmor1:amd64 (4.0.1really4.0.1-0ubuntu0.24.04.7) ...
Selecting previously unselected package libargon2-1:amd64.
Preparing to unpack .../libargon2-1_0~20190702+dfsg-4build1_amd64.deb ...
Unpacking libargon2-1:amd64 (0~20190702+dfsg-4build1) ...
Preparing to unpack .../libblkid1_2.39.3-9ubuntu6.6_amd64.deb ...
Unpacking libblkid1:amd64 (2.39.3-9ubuntu6.6) over (2.39.3-9ubuntu6.5) ...
Setting up libblkid1:amd64 (2.39.3-9ubuntu6.6) ...
Selecting previously unselected package libdevmapper1.02.1:amd64.
(Reading database ... (Reading database ... 5%(Reading database ... 10%(Reading database ... 15%(Reading database ... 20%(Reading database ... 25%(Reading database ... 30%(Reading database ... 35%(Reading database ... 40%(Reading database ... 45%(Reading database ... 50%(Reading database ... 55%(Reading database ... 60%(Reading database ... 65%(Reading database ... 70%(Reading database ... 75%(Reading database ... 80%(Reading database ... 85%(Reading database ... 90%(Reading database ... 95%(Reading database ... 100%(Reading database ... 53371 files and directories currently installed.)
Preparing to unpack .../libdevmapper1.02.1_2%3a1.02.185-3ubuntu3.2_amd64.deb ...
Unpacking libdevmapper1.02.1:amd64 (2:1.02.185-3ubuntu3.2) ...
Selecting previously unselected package libjson-c5:amd64.
Preparing to unpack .../libjson-c5_0.17-1build1_amd64.deb ...
Unpacking libjson-c5:amd64 (0.17-1build1) ...
Preparing to unpack .../libuuid1_2.39.3-9ubuntu6.6_amd64.deb ...
Unpacking libuuid1:amd64 (2.39.3-9ubuntu6.6) over (2.39.3-9ubuntu6.5) ...
Setting up libuuid1:amd64 (2.39.3-9ubuntu6.6) ...
Selecting previously unselected package libcryptsetup12:amd64.
(Reading database ... (Reading database ... 5%(Reading database ... 10%(Reading database ... 15%(Reading database ... 20%(Reading database ... 25%(Reading database ... 30%(Reading database ... 35%(Reading database ... 40%(Reading database ... 45%(Reading database ... 50%(Reading database ... 55%(Reading database ... 60%(Reading database ... 65%(Reading database ... 70%(Reading database ... 75%(Reading database ... 80%(Reading database ... 85%(Reading database ... 90%(Reading database ... 95%(Reading database ... 100%(Reading database ... 53382 files and directories currently installed.)
Preparing to unpack .../libcryptsetup12_2%3a2.7.0-1ubuntu4.2_amd64.deb ...
Unpacking libcryptsetup12:amd64 (2:2.7.0-1ubuntu4.2) ...
Selecting previously unselected package libfdisk1:amd64.
Preparing to unpack .../libfdisk1_2.39.3-9ubuntu6.6_amd64.deb ...
Unpacking libfdisk1:amd64 (2.39.3-9ubuntu6.6) ...
Selecting previously unselected package libkmod2:amd64.
Preparing to unpack .../libkmod2_31+20240202-2ubuntu7.2_amd64.deb ...
Unpacking libkmod2:amd64 (31+20240202-2ubuntu7.2) ...
Preparing to unpack .../libmount1_2.39.3-9ubuntu6.6_amd64.deb ...
Unpacking libmount1:amd64 (2.39.3-9ubuntu6.6) over (2.39.3-9ubuntu6.5) ...
Setting up libmount1:amd64 (2.39.3-9ubuntu6.6) ...
Selecting previously unselected package libsystemd-shared:amd64.
(Reading database ... (Reading database ... 5%(Reading database ... 10%(Reading database ... 15%(Reading database ... 20%(Reading database ... 25%(Reading database ... 30%(Reading database ... 35%(Reading database ... 40%(Reading database ... 45%(Reading database ... 50%(Reading database ... 55%(Reading database ... 60%(Reading database ... 65%(Reading database ... 70%(Reading database ... 75%(Reading database ... 80%(Reading database ... 85%(Reading database ... 90%(Reading database ... 95%(Reading database ... 100%(Reading database ... 53402 files and directories currently installed.)
Preparing to unpack .../libsystemd-shared_255.4-1ubuntu8.17_amd64.deb ...
Unpacking libsystemd-shared:amd64 (255.4-1ubuntu8.17) ...
Selecting previously unselected package systemd-dev.
Preparing to unpack .../systemd-dev_255.4-1ubuntu8.17_all.deb ...
Unpacking systemd-dev (255.4-1ubuntu8.17) ...
Selecting previously unselected package systemd.
Preparing to unpack .../systemd_255.4-1ubuntu8.17_amd64.deb ...
Unpacking systemd (255.4-1ubuntu8.17) ...
Setting up libapparmor1:amd64 (4.0.1really4.0.1-0ubuntu0.24.04.7) ...
Setting up libargon2-1:amd64 (0~20190702+dfsg-4build1) ...
Setting up libdevmapper1.02.1:amd64 (2:1.02.185-3ubuntu3.2) ...
Setting up libjson-c5:amd64 (0.17-1build1) ...
Setting up libcryptsetup12:amd64 (2:2.7.0-1ubuntu4.2) ...
Setting up libfdisk1:amd64 (2.39.3-9ubuntu6.6) ...
Setting up libkmod2:amd64 (31+20240202-2ubuntu7.2) ...
Setting up libsystemd-shared:amd64 (255.4-1ubuntu8.17) ...
Setting up systemd-dev (255.4-1ubuntu8.17) ...
Setting up mount (2.39.3-9ubuntu6.6) ...
Setting up systemd (255.4-1ubuntu8.17) ...
Created symlink /etc/systemd/system/getty.target.wants/getty@tty1.service → /usr/lib/systemd/system/getty@.service.
Created symlink /etc/systemd/system/multi-user.target.wants/remote-fs.target → /usr/lib/systemd/system/remote-fs.target.
Created symlink /etc/systemd/system/sysinit.target.wants/systemd-pstore.service → /usr/lib/systemd/system/systemd-pstore.service.
Initializing machine ID from random generator.
/usr/lib/tmpfiles.d/systemd-network.conf:10: Failed to resolve user 'systemd-network': No such process
/usr/lib/tmpfiles.d/systemd-network.conf:11: Failed to resolve user 'systemd-network': No such process
/usr/lib/tmpfiles.d/systemd-network.conf:12: Failed to resolve user 'systemd-network': No such process
/usr/lib/tmpfiles.d/systemd-network.conf:13: Failed to resolve user 'systemd-network': No such process
/usr/lib/tmpfiles.d/systemd.conf:22: Failed to resolve group 'systemd-journal': No such process
/usr/lib/tmpfiles.d/systemd.conf:23: Failed to resolve group 'systemd-journal': No such process
/usr/lib/tmpfiles.d/systemd.conf:28: Failed to resolve group 'systemd-journal': No such process
/usr/lib/tmpfiles.d/systemd.conf:29: Failed to resolve group 'systemd-journal': No such process
/usr/lib/tmpfiles.d/systemd.conf:30: Failed to resolve group 'systemd-journal': No such process
Creating group 'systemd-journal' with GID 999.
Creating group 'systemd-network' with GID 998.
Creating user 'systemd-network' (systemd Network Management) with UID 998 and GID 998.
Selecting previously unselected package systemd-sysv.
(Reading database ... (Reading database ... 5%(Reading database ... 10%(Reading database ... 15%(Reading database ... 20%(Reading database ... 25%(Reading database ... 30%(Reading database ... 35%(Reading database ... 40%(Reading database ... 45%(Reading database ... 50%(Reading database ... 55%(Reading database ... 60%(Reading database ... 65%(Reading database ... 70%(Reading database ... 75%(Reading database ... 80%(Reading database ... 85%(Reading database ... 90%(Reading database ... 95%(Reading database ... 100%(Reading database ... 54387 files and directories currently installed.)
Preparing to unpack .../00-systemd-sysv_255.4-1ubuntu8.17_amd64.deb ...
Unpacking systemd-sysv (255.4-1ubuntu8.17) ...
Selecting previously unselected package libfftw3-single3:amd64.
Preparing to unpack .../01-libfftw3-single3_3.3.10-1ubuntu3_amd64.deb ...
Unpacking libfftw3-single3:amd64 (3.3.10-1ubuntu3) ...
Selecting previously unselected package libdw1t64:amd64.
Preparing to unpack .../02-libdw1t64_0.190-1.1ubuntu0.1_amd64.deb ...
Unpacking libdw1t64:amd64 (0.190-1.1ubuntu0.1) ...
Selecting previously unselected package libcap2-bin.
Preparing to unpack .../03-libcap2-bin_1%3a2.66-5ubuntu2.4_amd64.deb ...
Unpacking libcap2-bin (1:2.66-5ubuntu2.4) ...
Selecting previously unselected package libgstreamer1.0-0:amd64.
Preparing to unpack .../04-libgstreamer1.0-0_1.24.2-1ubuntu0.1_amd64.deb ...
Unpacking libgstreamer1.0-0:amd64 (1.24.2-1ubuntu0.1) ...
Selecting previously unselected package liborc-0.4-0t64:amd64.
Preparing to unpack .../05-liborc-0.4-0t64_1%3a0.4.38-1ubuntu0.1_amd64.deb ...
Unpacking liborc-0.4-0t64:amd64 (1:0.4.38-1ubuntu0.1) ...
Selecting previously unselected package iso-codes.
Preparing to unpack .../06-iso-codes_4.16.0-1_all.deb ...
Unpacking iso-codes (4.16.0-1) ...
Selecting previously unselected package libgstreamer-plugins-base1.0-0:amd64.
Preparing to unpack .../07-libgstreamer-plugins-base1.0-0_1.24.2-1ubuntu0.4_amd64.deb ...
Unpacking libgstreamer-plugins-base1.0-0:amd64 (1.24.2-1ubuntu0.4) ...
Selecting previously unselected package libasyncns0:amd64.
Preparing to unpack .../08-libasyncns0_0.8-6build4_amd64.deb ...
Unpacking libasyncns0:amd64 (0.8-6build4) ...
Selecting previously unselected package libogg0:amd64.
Preparing to unpack .../09-libogg0_1.3.5-3build1_amd64.deb ...
Unpacking libogg0:amd64 (1.3.5-3build1) ...
Selecting previously unselected package libflac12t64:amd64.
Preparing to unpack .../10-libflac12t64_1.4.3+ds-2.1ubuntu2_amd64.deb ...
Unpacking libflac12t64:amd64 (1.4.3+ds-2.1ubuntu2) ...
Selecting previously unselected package libmp3lame0:amd64.
Preparing to unpack .../11-libmp3lame0_3.100-6build1_amd64.deb ...
Unpacking libmp3lame0:amd64 (3.100-6build1) ...
Selecting previously unselected package libmpg123-0t64:amd64.
Preparing to unpack .../12-libmpg123-0t64_1.32.5-1ubuntu1.1_amd64.deb ...
Unpacking libmpg123-0t64:amd64 (1.32.5-1ubuntu1.1) ...
Selecting previously unselected package libopus0:amd64.
Preparing to unpack .../13-libopus0_1.4-1build1_amd64.deb ...
Unpacking libopus0:amd64 (1.4-1build1) ...
Selecting previously unselected package libvorbis0a:amd64.
Preparing to unpack .../14-libvorbis0a_1.3.7-1build3_amd64.deb ...
Unpacking libvorbis0a:amd64 (1.3.7-1build3) ...
Selecting previously unselected package libvorbisenc2:amd64.
Preparing to unpack .../15-libvorbisenc2_1.3.7-1build3_amd64.deb ...
Unpacking libvorbisenc2:amd64 (1.3.7-1build3) ...
Selecting previously unselected package libsndfile1:amd64.
Preparing to unpack .../16-libsndfile1_1.2.2-1ubuntu5.24.04.1_amd64.deb ...
Unpacking libsndfile1:amd64 (1.2.2-1ubuntu5.24.04.1) ...
Selecting previously unselected package libpulse0:amd64.
Preparing to unpack .../17-libpulse0_1%3a16.1+dfsg1-2ubuntu10.1_amd64.deb ...
Unpacking libpulse0:amd64 (1:16.1+dfsg1-2ubuntu10.1) ...
Selecting previously unselected package libjson-glib-1.0-common.
Preparing to unpack .../18-libjson-glib-1.0-common_1.8.0-2build2_all.deb ...
Unpacking libjson-glib-1.0-common (1.8.0-2build2) ...
Selecting previously unselected package libjson-glib-1.0-0:amd64.
Preparing to unpack .../19-libjson-glib-1.0-0_1.8.0-2build2_amd64.deb ...
Unpacking libjson-glib-1.0-0:amd64 (1.8.0-2build2) ...
Selecting previously unselected package libduktape207:amd64.
Preparing to unpack .../20-libduktape207_2.7.0+tests-0ubuntu3_amd64.deb ...
Unpacking libduktape207:amd64 (2.7.0+tests-0ubuntu3) ...
Selecting previously unselected package libproxy1v5:amd64.
Preparing to unpack .../21-libproxy1v5_0.5.4-4build1_amd64.deb ...
Unpacking libproxy1v5:amd64 (0.5.4-4build1) ...
Selecting previously unselected package glib-networking-common.
Preparing to unpack .../22-glib-networking-common_2.80.0-1build1_all.deb ...
Unpacking glib-networking-common (2.80.0-1build1) ...
Selecting previously unselected package glib-networking-services.
Preparing to unpack .../23-glib-networking-services_2.80.0-1build1_amd64.deb ...
Unpacking glib-networking-services (2.80.0-1build1) ...
Selecting previously unselected package dbus-bin.
Preparing to unpack .../24-dbus-bin_1.14.10-4ubuntu4.1_amd64.deb ...
Unpacking dbus-bin (1.14.10-4ubuntu4.1) ...
Selecting previously unselected package dbus-session-bus-common.
Preparing to unpack .../25-dbus-session-bus-common_1.14.10-4ubuntu4.1_all.deb ...
Unpacking dbus-session-bus-common (1.14.10-4ubuntu4.1) ...
Selecting previously unselected package dbus-daemon.
Preparing to unpack .../26-dbus-daemon_1.14.10-4ubuntu4.1_amd64.deb ...
Unpacking dbus-daemon (1.14.10-4ubuntu4.1) ...
Selecting previously unselected package dbus-system-bus-common.
Preparing to unpack .../27-dbus-system-bus-common_1.14.10-4ubuntu4.1_all.deb ...
Unpacking dbus-system-bus-common (1.14.10-4ubuntu4.1) ...
Selecting previously unselected package dbus.
Preparing to unpack .../28-dbus_1.14.10-4ubuntu4.1_amd64.deb ...
Unpacking dbus (1.14.10-4ubuntu4.1) ...
Selecting previously unselected package libpam-systemd:amd64.
Preparing to unpack .../29-libpam-systemd_255.4-1ubuntu8.17_amd64.deb ...
Unpacking libpam-systemd:amd64 (255.4-1ubuntu8.17) ...
Selecting previously unselected package dbus-user-session.
Preparing to unpack .../30-dbus-user-session_1.14.10-4ubuntu4.1_amd64.deb ...
Unpacking dbus-user-session (1.14.10-4ubuntu4.1) ...
Selecting previously unselected package libdconf1:amd64.
Preparing to unpack .../31-libdconf1_0.40.0-4ubuntu0.1_amd64.deb ...
Unpacking libdconf1:amd64 (0.40.0-4ubuntu0.1) ...
Selecting previously unselected package dconf-service.
Preparing to unpack .../32-dconf-service_0.40.0-4ubuntu0.1_amd64.deb ...
Unpacking dconf-service (0.40.0-4ubuntu0.1) ...
Selecting previously unselected package dconf-gsettings-backend:amd64.
Preparing to unpack .../33-dconf-gsettings-backend_0.40.0-4ubuntu0.1_amd64.deb ...
Unpacking dconf-gsettings-backend:amd64 (0.40.0-4ubuntu0.1) ...
Selecting previously unselected package session-migration.
Preparing to unpack .../34-session-migration_0.3.9build1_amd64.deb ...
Unpacking session-migration (0.3.9build1) ...
Selecting previously unselected package gsettings-desktop-schemas.
Preparing to unpack .../35-gsettings-desktop-schemas_46.1-0ubuntu1_all.deb ...
Unpacking gsettings-desktop-schemas (46.1-0ubuntu1) ...
Selecting previously unselected package glib-networking:amd64.
Preparing to unpack .../36-glib-networking_2.80.0-1build1_amd64.deb ...
Unpacking glib-networking:amd64 (2.80.0-1build1) ...
Selecting previously unselected package libsoup-3.0-common.
Preparing to unpack .../37-libsoup-3.0-common_3.4.4-5ubuntu0.7_all.deb ...
Unpacking libsoup-3.0-common (3.4.4-5ubuntu0.7) ...
Selecting previously unselected package libsoup-3.0-0:amd64.
Preparing to unpack .../38-libsoup-3.0-0_3.4.4-5ubuntu0.7_amd64.deb ...
Unpacking libsoup-3.0-0:amd64 (3.4.4-5ubuntu0.7) ...
Selecting previously unselected package libsnapd-glib-2-1:amd64.
Preparing to unpack .../39-libsnapd-glib-2-1_1.64-0ubuntu5_amd64.deb ...
Unpacking libsnapd-glib-2-1:amd64 (1.64-0ubuntu5) ...
Selecting previously unselected package libsoxr0:amd64.
Preparing to unpack .../40-libsoxr0_0.1.3-4build3_amd64.deb ...
Unpacking libsoxr0:amd64 (0.1.3-4build3) ...
Selecting previously unselected package libspeexdsp1:amd64.
Preparing to unpack .../41-libspeexdsp1_1.2.1-1ubuntu3_amd64.deb ...
Unpacking libspeexdsp1:amd64 (1.2.1-1ubuntu3) ...
Selecting previously unselected package libtdb1:amd64.
Preparing to unpack .../42-libtdb1_1.4.10-1build1_amd64.deb ...
Unpacking libtdb1:amd64 (1.4.10-1build1) ...
Selecting previously unselected package libwebrtc-audio-processing1:amd64.
Preparing to unpack .../43-libwebrtc-audio-processing1_0.3.1-0ubuntu6_amd64.deb ...
Unpacking libwebrtc-audio-processing1:amd64 (0.3.1-0ubuntu6) ...
Selecting previously unselected package libwrap0:amd64.
Preparing to unpack .../44-libwrap0_7.6.q-33_amd64.deb ...
Unpacking libwrap0:amd64 (7.6.q-33) ...
Selecting previously unselected package libxtst6:amd64.
Preparing to unpack .../45-libxtst6_2%3a1.2.3-1.1build1_amd64.deb ...
Unpacking libxtst6:amd64 (2:1.2.3-1.1build1) ...
Selecting previously unselected package libva2:amd64.
Preparing to unpack .../46-libva2_2.20.0-2ubuntu0.2_amd64.deb ...
Unpacking libva2:amd64 (2.20.0-2ubuntu0.2) ...
Selecting previously unselected package libva-drm2:amd64.
Preparing to unpack .../47-libva-drm2_2.20.0-2ubuntu0.2_amd64.deb ...
Unpacking libva-drm2:amd64 (2.20.0-2ubuntu0.2) ...
Selecting previously unselected package libva-x11-2:amd64.
Preparing to unpack .../48-libva-x11-2_2.20.0-2ubuntu0.2_amd64.deb ...
Unpacking libva-x11-2:amd64 (2.20.0-2ubuntu0.2) ...
Selecting previously unselected package libvdpau1:amd64.
Preparing to unpack .../49-libvdpau1_1.5-2build1_amd64.deb ...
Unpacking libvdpau1:amd64 (1.5-2build1) ...
Selecting previously unselected package libwayland-client0:amd64.
Preparing to unpack .../50-libwayland-client0_1.22.0-2.1build1_amd64.deb ...
Unpacking libwayland-client0:amd64 (1.22.0-2.1build1) ...
Selecting previously unselected package libvpl2.
Preparing to unpack .../51-libvpl2_2023.3.0-1build1_amd64.deb ...
Unpacking libvpl2 (2023.3.0-1build1) ...
Selecting previously unselected package ocl-icd-libopencl1:amd64.
Preparing to unpack .../52-ocl-icd-libopencl1_2.3.2-1build1_amd64.deb ...
Unpacking ocl-icd-libopencl1:amd64 (2.3.2-1build1) ...
Selecting previously unselected package libavutil58:amd64.
Preparing to unpack .../53-libavutil58_7%3a6.1.1-3ubuntu5_amd64.deb ...
Unpacking libavutil58:amd64 (7:6.1.1-3ubuntu5) ...
Selecting previously unselected package libcodec2-1.2:amd64.
Preparing to unpack .../54-libcodec2-1.2_1.2.0-2build1_amd64.deb ...
Unpacking libcodec2-1.2:amd64 (1.2.0-2build1) ...
Selecting previously unselected package libdav1d7:amd64.
Preparing to unpack .../55-libdav1d7_1.4.1-1build1_amd64.deb ...
Unpacking libdav1d7:amd64 (1.4.1-1build1) ...
Selecting previously unselected package libgsm1:amd64.
Preparing to unpack .../56-libgsm1_1.0.22-1build1_amd64.deb ...
Unpacking libgsm1:amd64 (1.0.22-1build1) ...
Selecting previously unselected package libhwy1t64:amd64.
Preparing to unpack .../57-libhwy1t64_1.0.7-8.1build1_amd64.deb ...
Unpacking libhwy1t64:amd64 (1.0.7-8.1build1) ...
Selecting previously unselected package libjxl0.7:amd64.
Preparing to unpack .../58-libjxl0.7_0.7.0-10.2ubuntu6.1_amd64.deb ...
Unpacking libjxl0.7:amd64 (0.7.0-10.2ubuntu6.1) ...
Selecting previously unselected package librav1e0:amd64.
Preparing to unpack .../59-librav1e0_0.7.1-2_amd64.deb ...
Unpacking librav1e0:amd64 (0.7.1-2) ...
Selecting previously unselected package libcairo-gobject2:amd64.
Preparing to unpack .../60-libcairo-gobject2_1.18.0-3build1_amd64.deb ...
Unpacking libcairo-gobject2:amd64 (1.18.0-3build1) ...
Selecting previously unselected package libgdk-pixbuf2.0-common.
Preparing to unpack .../61-libgdk-pixbuf2.0-common_2.42.10+dfsg-3ubuntu3.3_all.deb ...
Unpacking libgdk-pixbuf2.0-common (2.42.10+dfsg-3ubuntu3.3) ...
Selecting previously unselected package shared-mime-info.
Preparing to unpack .../62-shared-mime-info_2.4-4_amd64.deb ...
Unpacking shared-mime-info (2.4-4) ...
Selecting previously unselected package libgdk-pixbuf-2.0-0:amd64.
Preparing to unpack .../63-libgdk-pixbuf-2.0-0_2.42.10+dfsg-3ubuntu3.3_amd64.deb ...
Unpacking libgdk-pixbuf-2.0-0:amd64 (2.42.10+dfsg-3ubuntu3.3) ...
Selecting previously unselected package libpangoft2-1.0-0:amd64.
Preparing to unpack .../64-libpangoft2-1.0-0_1.52.1+ds-1build1_amd64.deb ...
Unpacking libpangoft2-1.0-0:amd64 (1.52.1+ds-1build1) ...
Selecting previously unselected package libpangocairo-1.0-0:amd64.
Preparing to unpack .../65-libpangocairo-1.0-0_1.52.1+ds-1build1_amd64.deb ...
Unpacking libpangocairo-1.0-0:amd64 (1.52.1+ds-1build1) ...
Selecting previously unselected package librsvg2-2:amd64.
Preparing to unpack .../66-librsvg2-2_2.58.0+dfsg-1build1_amd64.deb ...
Unpacking librsvg2-2:amd64 (2.58.0+dfsg-1build1) ...
Selecting previously unselected package libshine3:amd64.
Preparing to unpack .../67-libshine3_3.1.1-2build1_amd64.deb ...
Unpacking libshine3:amd64 (3.1.1-2build1) ...
Selecting previously unselected package libsnappy1v5:amd64.
Preparing to unpack .../68-libsnappy1v5_1.1.10-1build1_amd64.deb ...
Unpacking libsnappy1v5:amd64 (1.1.10-1build1) ...
Selecting previously unselected package libspeex1:amd64.
Preparing to unpack .../69-libspeex1_1.2.1-2ubuntu2.24.04.1_amd64.deb ...
Unpacking libspeex1:amd64 (1.2.1-2ubuntu2.24.04.1) ...
Selecting previously unselected package libsvtav1enc1d1:amd64.
Preparing to unpack .../70-libsvtav1enc1d1_1.7.0+dfsg-2build1_amd64.deb ...
Unpacking libsvtav1enc1d1:amd64 (1.7.0+dfsg-2build1) ...
Selecting previously unselected package libswresample4:amd64.
Preparing to unpack .../71-libswresample4_7%3a6.1.1-3ubuntu5_amd64.deb ...
Unpacking libswresample4:amd64 (7:6.1.1-3ubuntu5) ...
Selecting previously unselected package libtheora0:amd64.
Preparing to unpack .../72-libtheora0_1.1.1+dfsg.1-16.1build3_amd64.deb ...
Unpacking libtheora0:amd64 (1.1.1+dfsg.1-16.1build3) ...
Selecting previously unselected package libtwolame0:amd64.
Preparing to unpack .../73-libtwolame0_0.4.0-2build3_amd64.deb ...
Unpacking libtwolame0:amd64 (0.4.0-2build3) ...
Selecting previously unselected package libvpx9:amd64.
Preparing to unpack .../74-libvpx9_1.14.0-1ubuntu2.3_amd64.deb ...
Unpacking libvpx9:amd64 (1.14.0-1ubuntu2.3) ...
Selecting previously unselected package libx264-164:amd64.
Preparing to unpack .../75-libx264-164_2%3a0.164.3108+git31e19f9-1_amd64.deb ...
Unpacking libx264-164:amd64 (2:0.164.3108+git31e19f9-1) ...
Selecting previously unselected package libnuma1:amd64.
Preparing to unpack .../76-libnuma1_2.0.18-1ubuntu0.24.04.1_amd64.deb ...
Unpacking libnuma1:amd64 (2.0.18-1ubuntu0.24.04.1) ...
Selecting previously unselected package libx265-199:amd64.
Preparing to unpack .../77-libx265-199_3.5-2build1_amd64.deb ...
Unpacking libx265-199:amd64 (3.5-2build1) ...
Selecting previously unselected package libxvidcore4:amd64.
Preparing to unpack .../78-libxvidcore4_2%3a1.3.7-1build1_amd64.deb ...
Unpacking libxvidcore4:amd64 (2:1.3.7-1build1) ...
Selecting previously unselected package libzvbi-common.
Preparing to unpack .../79-libzvbi-common_0.2.42-2_all.deb ...
Unpacking libzvbi-common (0.2.42-2) ...
Selecting previously unselected package libzvbi0t64:amd64.
Preparing to unpack .../80-libzvbi0t64_0.2.42-2_amd64.deb ...
Unpacking libzvbi0t64:amd64 (0.2.42-2) ...
Selecting previously unselected package libavcodec60:amd64.
Preparing to unpack .../81-libavcodec60_7%3a6.1.1-3ubuntu5_amd64.deb ...
Unpacking libavcodec60:amd64 (7:6.1.1-3ubuntu5) ...
Selecting previously unselected package libsamplerate0:amd64.
Preparing to unpack .../82-libsamplerate0_0.2.2-4build1_amd64.deb ...
Unpacking libsamplerate0:amd64 (0.2.2-4build1) ...
Selecting previously unselected package libjack-jackd2-0:amd64.
Preparing to unpack .../83-libjack-jackd2-0_1.9.21~dfsg-3ubuntu3_amd64.deb ...
Unpacking libjack-jackd2-0:amd64 (1.9.21~dfsg-3ubuntu3) ...
Selecting previously unselected package libasound2-plugins:amd64.
Preparing to unpack .../84-libasound2-plugins_1.2.7.1-1ubuntu5_amd64.deb ...
Unpacking libasound2-plugins:amd64 (1.2.7.1-1ubuntu5) ...
Selecting previously unselected package pulseaudio-utils.
Preparing to unpack .../85-pulseaudio-utils_1%3a16.1+dfsg1-2ubuntu10.1_amd64.deb ...
Unpacking pulseaudio-utils (1:16.1+dfsg1-2ubuntu10.1) ...
Selecting previously unselected package pulseaudio.
Preparing to unpack .../86-pulseaudio_1%3a16.1+dfsg1-2ubuntu10.1_amd64.deb ...
Unpacking pulseaudio (1:16.1+dfsg1-2ubuntu10.1) ...
Selecting previously unselected package sgml-base.
Preparing to unpack .../87-sgml-base_1.31_all.deb ...
Unpacking sgml-base (1.31) ...
Preparing to unpack .../88-libsmartcols1_2.39.3-9ubuntu6.6_amd64.deb ...
Unpacking libsmartcols1:amd64 (2.39.3-9ubuntu6.6) over (2.39.3-9ubuntu6.5) ...
Setting up libsmartcols1:amd64 (2.39.3-9ubuntu6.6) ...
(Reading database ... (Reading database ... 5%(Reading database ... 10%(Reading database ... 15%(Reading database ... 20%(Reading database ... 25%(Reading database ... 30%(Reading database ... 35%(Reading database ... 40%(Reading database ... 45%(Reading database ... 50%(Reading database ... 55%(Reading database ... 60%(Reading database ... 65%(Reading database ... 70%(Reading database ... 75%(Reading database ... 80%(Reading database ... 85%(Reading database ... 90%(Reading database ... 95%(Reading database ... 100%(Reading database ... 56821 files and directories currently installed.)
Preparing to unpack .../libncursesw6_6.4+20240113-1ubuntu2.2_amd64.deb ...
Unpacking libncursesw6:amd64 (6.4+20240113-1ubuntu2.2) over (6.4+20240113-1ubuntu2.1) ...
Preparing to unpack .../libtinfo6_6.4+20240113-1ubuntu2.2_amd64.deb ...
Unpacking libtinfo6:amd64 (6.4+20240113-1ubuntu2.2) over (6.4+20240113-1ubuntu2.1) ...
Setting up libtinfo6:amd64 (6.4+20240113-1ubuntu2.2) ...
Selecting previously unselected package gir1.2-glib-2.0:amd64.
(Reading database ... (Reading database ... 5%(Reading database ... 10%(Reading database ... 15%(Reading database ... 20%(Reading database ... 25%(Reading database ... 30%(Reading database ... 35%(Reading database ... 40%(Reading database ... 45%(Reading database ... 50%(Reading database ... 55%(Reading database ... 60%(Reading database ... 65%(Reading database ... 70%(Reading database ... 75%(Reading database ... 80%(Reading database ... 85%(Reading database ... 90%(Reading database ... 95%(Reading database ... 100%(Reading database ... 56821 files and directories currently installed.)
Preparing to unpack .../000-gir1.2-glib-2.0_2.80.0-6ubuntu3.8_amd64.deb ...
Unpacking gir1.2-glib-2.0:amd64 (2.80.0-6ubuntu3.8) ...
Selecting previously unselected package libgirepository-1.0-1:amd64.
Preparing to unpack .../001-libgirepository-1.0-1_1.80.1-1_amd64.deb ...
Unpacking libgirepository-1.0-1:amd64 (1.80.1-1) ...
Selecting previously unselected package gir1.2-girepository-2.0:amd64.
Preparing to unpack .../002-gir1.2-girepository-2.0_1.80.1-1_amd64.deb ...
Unpacking gir1.2-girepository-2.0:amd64 (1.80.1-1) ...
Selecting previously unselected package libglib2.0-data.
Preparing to unpack .../003-libglib2.0-data_2.80.0-6ubuntu3.8_all.deb ...
Unpacking libglib2.0-data (2.80.0-6ubuntu3.8) ...
Selecting previously unselected package libslang2:amd64.
Preparing to unpack .../004-libslang2_2.3.3-3build2_amd64.deb ...
Unpacking libslang2:amd64 (2.3.3-3build2) ...
Selecting previously unselected package libtext-iconv-perl:amd64.
Preparing to unpack .../005-libtext-iconv-perl_1.7-8build3_amd64.deb ...
Unpacking libtext-iconv-perl:amd64 (1.7-8build3) ...
Selecting previously unselected package libmagic-mgc.
Preparing to unpack .../006-libmagic-mgc_1%3a5.45-3build1_amd64.deb ...
Unpacking libmagic-mgc (1:5.45-3build1) ...
Selecting previously unselected package libmagic1t64:amd64.
Preparing to unpack .../007-libmagic1t64_1%3a5.45-3build1_amd64.deb ...
Unpacking libmagic1t64:amd64 (1:5.45-3build1) ...
Selecting previously unselected package file.
Preparing to unpack .../008-file_1%3a5.45-3build1_amd64.deb ...
Unpacking file (1:5.45-3build1) ...
Selecting previously unselected package libevdev2:amd64.
Preparing to unpack .../009-libevdev2_1.13.1+dfsg-1build1_amd64.deb ...
Unpacking libevdev2:amd64 (1.13.1+dfsg-1build1) ...
Selecting previously unselected package libgpm2:amd64.
Preparing to unpack .../010-libgpm2_1.20.7-11_amd64.deb ...
Unpacking libgpm2:amd64 (1.20.7-11) ...
Selecting previously unselected package libncurses6:amd64.
Preparing to unpack .../011-libncurses6_6.4+20240113-1ubuntu2.2_amd64.deb ...
Unpacking libncurses6:amd64 (6.4+20240113-1ubuntu2.2) ...
Selecting previously unselected package libuv1t64:amd64.
Preparing to unpack .../012-libuv1t64_1.48.0-1.1build1_amd64.deb ...
Unpacking libuv1t64:amd64 (1.48.0-1.1build1) ...
Selecting previously unselected package strace.
Preparing to unpack .../013-strace_6.8-0ubuntu2_amd64.deb ...
Unpacking strace (6.8-0ubuntu2) ...
Selecting previously unselected package gtk-update-icon-cache.
Preparing to unpack .../014-gtk-update-icon-cache_3.24.41-4ubuntu1.3_amd64.deb ...
Unpacking gtk-update-icon-cache (3.24.41-4ubuntu1.3) ...
Selecting previously unselected package humanity-icon-theme.
Preparing to unpack .../015-humanity-icon-theme_0.6.16_all.deb ...
Unpacking humanity-icon-theme (0.6.16) ...
Selecting previously unselected package ubuntu-mono.
Preparing to unpack .../016-ubuntu-mono_24.04-0ubuntu1_all.deb ...
Unpacking ubuntu-mono (24.04-0ubuntu1) ...
Selecting previously unselected package adwaita-icon-theme.
Preparing to unpack .../017-adwaita-icon-theme_46.0-1_all.deb ...
Unpacking adwaita-icon-theme (46.0-1) ...
Selecting previously unselected package bubblewrap.
Preparing to unpack .../018-bubblewrap_0.9.0-1ubuntu0.1_amd64.deb ...
Unpacking bubblewrap (0.9.0-1ubuntu0.1) ...
Selecting previously unselected package libarchive13t64:amd64.
Preparing to unpack .../019-libarchive13t64_3.7.2-2ubuntu0.8_amd64.deb ...
Unpacking libarchive13t64:amd64 (3.7.2-2ubuntu0.8) ...
Selecting previously unselected package libjsoncpp25:amd64.
Preparing to unpack .../020-libjsoncpp25_1.9.5-6build1_amd64.deb ...
Unpacking libjsoncpp25:amd64 (1.9.5-6build1) ...
Selecting previously unselected package librhash0:amd64.
Preparing to unpack .../021-librhash0_1.4.3-3build1_amd64.deb ...
Unpacking librhash0:amd64 (1.4.3-3build1) ...
Selecting previously unselected package cmake-data.
Preparing to unpack .../022-cmake-data_3.28.3-1build7_all.deb ...
Unpacking cmake-data (3.28.3-1build7) ...
Selecting previously unselected package cmake.
Preparing to unpack .../023-cmake_3.28.3-1build7_amd64.deb ...
Unpacking cmake (3.28.3-1build7) ...
Selecting previously unselected package emacsen-common.
Preparing to unpack .../024-emacsen-common_3.0.5_all.deb ...
Unpacking emacsen-common (3.0.5) ...
Selecting previously unselected package dictionaries-common.
Preparing to unpack .../025-dictionaries-common_1.29.7_all.deb ...
Adding 'diversion of /usr/share/dict/words to /usr/share/dict/words.pre-dictionaries-common by dictionaries-common'
Unpacking dictionaries-common (1.29.7) ...
Selecting previously unselected package gir1.2-atk-1.0:amd64.
Preparing to unpack .../026-gir1.2-atk-1.0_2.52.0-1build1_amd64.deb ...
Unpacking gir1.2-atk-1.0:amd64 (2.52.0-1build1) ...
Selecting previously unselected package gir1.2-freedesktop:amd64.
Preparing to unpack .../027-gir1.2-freedesktop_1.80.1-1_amd64.deb ...
Unpacking gir1.2-freedesktop:amd64 (1.80.1-1) ...
Selecting previously unselected package gir1.2-gdkpixbuf-2.0:amd64.
Preparing to unpack .../028-gir1.2-gdkpixbuf-2.0_2.42.10+dfsg-3ubuntu3.3_amd64.deb ...
Unpacking gir1.2-gdkpixbuf-2.0:amd64 (2.42.10+dfsg-3ubuntu3.3) ...
Selecting previously unselected package libharfbuzz-gobject0:amd64.
Preparing to unpack .../029-libharfbuzz-gobject0_8.3.0-2build2_amd64.deb ...
Unpacking libharfbuzz-gobject0:amd64 (8.3.0-2build2) ...
Selecting previously unselected package gir1.2-harfbuzz-0.0:amd64.
Preparing to unpack .../030-gir1.2-harfbuzz-0.0_8.3.0-2build2_amd64.deb ...
Unpacking gir1.2-harfbuzz-0.0:amd64 (8.3.0-2build2) ...
Selecting previously unselected package libxft2:amd64.
Preparing to unpack .../031-libxft2_2.3.6-1build1_amd64.deb ...
Unpacking libxft2:amd64 (2.3.6-1build1) ...
Selecting previously unselected package libpangoxft-1.0-0:amd64.
Preparing to unpack .../032-libpangoxft-1.0-0_1.52.1+ds-1build1_amd64.deb ...
Unpacking libpangoxft-1.0-0:amd64 (1.52.1+ds-1build1) ...
Selecting previously unselected package gir1.2-pango-1.0:amd64.
Preparing to unpack .../033-gir1.2-pango-1.0_1.52.1+ds-1build1_amd64.deb ...
Unpacking gir1.2-pango-1.0:amd64 (1.52.1+ds-1build1) ...
Selecting previously unselected package libcolord2:amd64.
Preparing to unpack .../034-libcolord2_1.4.7-1build2_amd64.deb ...
Unpacking libcolord2:amd64 (1.4.7-1build2) ...
Selecting previously unselected package libepoxy0:amd64.
Preparing to unpack .../035-libepoxy0_1.5.10-1build1_amd64.deb ...
Unpacking libepoxy0:amd64 (1.5.10-1build1) ...
Selecting previously unselected package libwayland-cursor0:amd64.
Preparing to unpack .../036-libwayland-cursor0_1.22.0-2.1build1_amd64.deb ...
Unpacking libwayland-cursor0:amd64 (1.22.0-2.1build1) ...
Selecting previously unselected package libwayland-egl1:amd64.
Preparing to unpack .../037-libwayland-egl1_1.22.0-2.1build1_amd64.deb ...
Unpacking libwayland-egl1:amd64 (1.22.0-2.1build1) ...
Selecting previously unselected package libxcursor1:amd64.
Preparing to unpack .../038-libxcursor1_1%3a1.2.1-1build1_amd64.deb ...
Unpacking libxcursor1:amd64 (1:1.2.1-1build1) ...
Selecting previously unselected package libxinerama1:amd64.
Preparing to unpack .../039-libxinerama1_2%3a1.1.4-3build1_amd64.deb ...
Unpacking libxinerama1:amd64 (2:1.1.4-3build1) ...
Selecting previously unselected package libgtk-3-common.
Preparing to unpack .../040-libgtk-3-common_3.24.41-4ubuntu1.3_all.deb ...
Unpacking libgtk-3-common (3.24.41-4ubuntu1.3) ...
Selecting previously unselected package libgtk-3-0t64:amd64.
Preparing to unpack .../041-libgtk-3-0t64_3.24.41-4ubuntu1.3_amd64.deb ...
Unpacking libgtk-3-0t64:amd64 (3.24.41-4ubuntu1.3) ...
Selecting previously unselected package gir1.2-gtk-3.0:amd64.
Preparing to unpack .../042-gir1.2-gtk-3.0_3.24.41-4ubuntu1.3_amd64.deb ...
Unpacking gir1.2-gtk-3.0:amd64 (3.24.41-4ubuntu1.3) ...
Selecting previously unselected package libdbusmenu-glib4:amd64.
Preparing to unpack .../043-libdbusmenu-glib4_18.10.20180917~bzr492+repack1-3.1ubuntu5_amd64.deb ...
Unpacking libdbusmenu-glib4:amd64 (18.10.20180917~bzr492+repack1-3.1ubuntu5) ...
Selecting previously unselected package libdbusmenu-gtk3-4:amd64.
Preparing to unpack .../044-libdbusmenu-gtk3-4_18.10.20180917~bzr492+repack1-3.1ubuntu5_amd64.deb ...
Unpacking libdbusmenu-gtk3-4:amd64 (18.10.20180917~bzr492+repack1-3.1ubuntu5) ...
Selecting previously unselected package libappindicator3-1.
Preparing to unpack .../045-libappindicator3-1_12.10.1+20.10.20200706.1-0ubuntu5_amd64.deb ...
Unpacking libappindicator3-1 (12.10.1+20.10.20200706.1-0ubuntu5) ...
Selecting previously unselected package gir1.2-appindicator3-0.1.
Preparing to unpack .../046-gir1.2-appindicator3-0.1_12.10.1+20.10.20200706.1-0ubuntu5_amd64.deb ...
Unpacking gir1.2-appindicator3-0.1 (12.10.1+20.10.20200706.1-0ubuntu5) ...
Selecting previously unselected package gir1.2-atspi-2.0:amd64.
Preparing to unpack .../047-gir1.2-atspi-2.0_2.52.0-1build1_amd64.deb ...
Unpacking gir1.2-atspi-2.0:amd64 (2.52.0-1build1) ...
Selecting previously unselected package gir1.2-dbusmenu-glib-0.4:amd64.
Preparing to unpack .../048-gir1.2-dbusmenu-glib-0.4_18.10.20180917~bzr492+repack1-3.1ubuntu5_amd64.deb ...
Unpacking gir1.2-dbusmenu-glib-0.4:amd64 (18.10.20180917~bzr492+repack1-3.1ubuntu5) ...
Selecting previously unselected package gir1.2-glib-2.0-dev:amd64.
Preparing to unpack .../049-gir1.2-glib-2.0-dev_2.80.0-6ubuntu3.8_amd64.deb ...
Unpacking gir1.2-glib-2.0-dev:amd64 (2.80.0-6ubuntu3.8) ...
Selecting previously unselected package gir1.2-freedesktop-dev:amd64.
Preparing to unpack .../050-gir1.2-freedesktop-dev_1.80.1-1_amd64.deb ...
Unpacking gir1.2-freedesktop-dev:amd64 (1.80.1-1) ...
Selecting previously unselected package gir1.2-girepository-2.0-dev:amd64.
Preparing to unpack .../051-gir1.2-girepository-2.0-dev_1.80.1-1_amd64.deb ...
Unpacking gir1.2-girepository-2.0-dev:amd64 (1.80.1-1) ...
Selecting previously unselected package libjavascriptcoregtk-4.1-0:amd64.
Preparing to unpack .../052-libjavascriptcoregtk-4.1-0_2.52.6-0ubuntu0.24.04.1_amd64.deb ...
Unpacking libjavascriptcoregtk-4.1-0:amd64 (2.52.6-0ubuntu0.24.04.1) ...
Selecting previously unselected package gir1.2-javascriptcoregtk-4.1:amd64.
Preparing to unpack .../053-gir1.2-javascriptcoregtk-4.1_2.52.6-0ubuntu0.24.04.1_amd64.deb ...
Unpacking gir1.2-javascriptcoregtk-4.1:amd64 (2.52.6-0ubuntu0.24.04.1) ...
Selecting previously unselected package gir1.2-rsvg-2.0:amd64.
Preparing to unpack .../054-gir1.2-rsvg-2.0_2.58.0+dfsg-1build1_amd64.deb ...
Unpacking gir1.2-rsvg-2.0:amd64 (2.58.0+dfsg-1build1) ...
Selecting previously unselected package gir1.2-soup-3.0:amd64.
Preparing to unpack .../055-gir1.2-soup-3.0_3.4.4-5ubuntu0.7_amd64.deb ...
Unpacking gir1.2-soup-3.0:amd64 (3.4.4-5ubuntu0.7) ...
Selecting previously unselected package libcdparanoia0:amd64.
Preparing to unpack .../056-libcdparanoia0_3.10.2+debian-14build3_amd64.deb ...
Unpacking libcdparanoia0:amd64 (3.10.2+debian-14build3) ...
Selecting previously unselected package libvisual-0.4-0:amd64.
Preparing to unpack .../057-libvisual-0.4-0_0.4.2-2build1_amd64.deb ...
Unpacking libvisual-0.4-0:amd64 (0.4.2-2build1) ...
Selecting previously unselected package gstreamer1.0-plugins-base:amd64.
Preparing to unpack .../058-gstreamer1.0-plugins-base_1.24.2-1ubuntu0.4_amd64.deb ...
Unpacking gstreamer1.0-plugins-base:amd64 (1.24.2-1ubuntu0.4) ...
Selecting previously unselected package libaa1:amd64.
Preparing to unpack .../059-libaa1_1.4p5-51.1_amd64.deb ...
Unpacking libaa1:amd64 (1.4p5-51.1) ...
Selecting previously unselected package libraw1394-11:amd64.
Preparing to unpack .../060-libraw1394-11_2.1.2-2build3_amd64.deb ...
Unpacking libraw1394-11:amd64 (2.1.2-2build3) ...
Selecting previously unselected package libavc1394-0:amd64.
Preparing to unpack .../061-libavc1394-0_0.5.4-5build3_amd64.deb ...
Unpacking libavc1394-0:amd64 (0.5.4-5build3) ...
Selecting previously unselected package libcaca0:amd64.
Preparing to unpack .../062-libcaca0_0.99.beta20-4ubuntu0.2_amd64.deb ...
Unpacking libcaca0:amd64 (0.99.beta20-4ubuntu0.2) ...
Selecting previously unselected package libdv4t64:amd64.
Preparing to unpack .../063-libdv4t64_1.0.0-17.1build1_amd64.deb ...
Unpacking libdv4t64:amd64 (1.0.0-17.1build1) ...
Selecting previously unselected package libgstreamer-plugins-good1.0-0:amd64.
Preparing to unpack .../064-libgstreamer-plugins-good1.0-0_1.24.2-1ubuntu1.5_amd64.deb ...
Unpacking libgstreamer-plugins-good1.0-0:amd64 (1.24.2-1ubuntu1.5) ...
Selecting previously unselected package libgudev-1.0-0:amd64.
Preparing to unpack .../065-libgudev-1.0-0_1%3a238-5ubuntu1_amd64.deb ...
Unpacking libgudev-1.0-0:amd64 (1:238-5ubuntu1) ...
Selecting previously unselected package libiec61883-0:amd64.
Preparing to unpack .../066-libiec61883-0_1.2.0-6build1_amd64.deb ...
Unpacking libiec61883-0:amd64 (1.2.0-6build1) ...
Selecting previously unselected package libshout3:amd64.
Preparing to unpack .../067-libshout3_2.4.6-1build2_amd64.deb ...
Unpacking libshout3:amd64 (2.4.6-1build2) ...
Selecting previously unselected package libtag1v5-vanilla:amd64.
Preparing to unpack .../068-libtag1v5-vanilla_1.13.1-1build1_amd64.deb ...
Unpacking libtag1v5-vanilla:amd64 (1.13.1-1build1) ...
Selecting previously unselected package libtag1v5:amd64.
Preparing to unpack .../069-libtag1v5_1.13.1-1build1_amd64.deb ...
Unpacking libtag1v5:amd64 (1.13.1-1build1) ...
Selecting previously unselected package libv4lconvert0t64:amd64.
Preparing to unpack .../070-libv4lconvert0t64_1.26.1-4build3_amd64.deb ...
Unpacking libv4lconvert0t64:amd64 (1.26.1-4build3) ...
Selecting previously unselected package libv4l-0t64:amd64.
Preparing to unpack .../071-libv4l-0t64_1.26.1-4build3_amd64.deb ...
Unpacking libv4l-0t64:amd64 (1.26.1-4build3) ...
Selecting previously unselected package libwavpack1:amd64.
Preparing to unpack .../072-libwavpack1_5.6.0-1build1_amd64.deb ...
Unpacking libwavpack1:amd64 (5.6.0-1build1) ...
Selecting previously unselected package gstreamer1.0-plugins-good:amd64.
Preparing to unpack .../073-gstreamer1.0-plugins-good_1.24.2-1ubuntu1.5_amd64.deb ...
Unpacking gstreamer1.0-plugins-good:amd64 (1.24.2-1ubuntu1.5) ...
Selecting previously unselected package libgles2:amd64.
Preparing to unpack .../074-libgles2_1.7.0-1build1_amd64.deb ...
Unpacking libgles2:amd64 (1.7.0-1build1) ...
Selecting previously unselected package xdg-dbus-proxy.
Preparing to unpack .../075-xdg-dbus-proxy_0.1.5-1ubuntu0.2_amd64.deb ...
Unpacking xdg-dbus-proxy (0.1.5-1ubuntu0.2) ...
Selecting previously unselected package hunspell-en-us.
Preparing to unpack .../076-hunspell-en-us_1%3a2020.12.07-2_all.deb ...
Unpacking hunspell-en-us (1:2020.12.07-2) ...
Selecting previously unselected package libaspell15:amd64.
Preparing to unpack .../077-libaspell15_0.60.8.1-1build1_amd64.deb ...
Unpacking libaspell15:amd64 (0.60.8.1-1build1) ...
Selecting previously unselected package libhunspell-1.7-0:amd64.
Preparing to unpack .../078-libhunspell-1.7-0_1.7.2+really1.7.2-10build3_amd64.deb ...
Unpacking libhunspell-1.7-0:amd64 (1.7.2+really1.7.2-10build3) ...
Selecting previously unselected package libenchant-2-2:amd64.
Preparing to unpack .../079-libenchant-2-2_2.3.3-2build2_amd64.deb ...
Unpacking libenchant-2-2:amd64 (2.3.3-2build2) ...
Selecting previously unselected package libegl-mesa0:amd64.
Preparing to unpack .../080-libegl-mesa0_25.2.8-0ubuntu0.24.04.2_amd64.deb ...
Unpacking libegl-mesa0:amd64 (25.2.8-0ubuntu0.24.04.2) ...
Selecting previously unselected package libegl1:amd64.
Preparing to unpack .../081-libegl1_1.7.0-1build1_amd64.deb ...
Unpacking libegl1:amd64 (1.7.0-1build1) ...
Selecting previously unselected package libgstreamer-gl1.0-0:amd64.
Preparing to unpack .../082-libgstreamer-gl1.0-0_1.24.2-1ubuntu0.4_amd64.deb ...
Unpacking libgstreamer-gl1.0-0:amd64 (1.24.2-1ubuntu0.4) ...
Selecting previously unselected package libharfbuzz-icu0:amd64.
Preparing to unpack .../083-libharfbuzz-icu0_8.3.0-2build2_amd64.deb ...
Unpacking libharfbuzz-icu0:amd64 (8.3.0-2build2) ...
Selecting previously unselected package libhyphen0:amd64.
Preparing to unpack .../084-libhyphen0_2.8.8-7build3_amd64.deb ...
Unpacking libhyphen0:amd64 (2.8.8-7build3) ...
Selecting previously unselected package libmanette-0.2-0:amd64.
Preparing to unpack .../085-libmanette-0.2-0_0.2.7-1build2_amd64.deb ...
Unpacking libmanette-0.2-0:amd64 (0.2.7-1build2) ...
Selecting previously unselected package libsecret-common.
Preparing to unpack .../086-libsecret-common_0.21.4-1build3_all.deb ...
Unpacking libsecret-common (0.21.4-1build3) ...
Selecting previously unselected package libsecret-1-0:amd64.
Preparing to unpack .../087-libsecret-1-0_0.21.4-1build3_amd64.deb ...
Unpacking libsecret-1-0:amd64 (0.21.4-1build3) ...
Selecting previously unselected package libwayland-server0:amd64.
Preparing to unpack .../088-libwayland-server0_1.22.0-2.1build1_amd64.deb ...
Unpacking libwayland-server0:amd64 (1.22.0-2.1build1) ...
Selecting previously unselected package libxslt1.1:amd64.
Preparing to unpack .../089-libxslt1.1_1.1.39-0exp1ubuntu0.24.04.3_amd64.deb ...
Unpacking libxslt1.1:amd64 (1.1.39-0exp1ubuntu0.24.04.3) ...
Selecting previously unselected package libwebkit2gtk-4.1-0:amd64.
Preparing to unpack .../090-libwebkit2gtk-4.1-0_2.52.6-0ubuntu0.24.04.1_amd64.deb ...
Unpacking libwebkit2gtk-4.1-0:amd64 (2.52.6-0ubuntu0.24.04.1) ...
Selecting previously unselected package gir1.2-webkit2-4.1:amd64.
Preparing to unpack .../091-gir1.2-webkit2-4.1_2.52.6-0ubuntu0.24.04.1_amd64.deb ...
Unpacking gir1.2-webkit2-4.1:amd64 (2.52.6-0ubuntu0.24.04.1) ...
Selecting previously unselected package python3-markupsafe.
Preparing to unpack .../092-python3-markupsafe_2.1.5-1build2_amd64.deb ...
Unpacking python3-markupsafe (2.1.5-1build2) ...
Selecting previously unselected package python3-mako.
Preparing to unpack .../093-python3-mako_1.3.2-1ubuntu0.1_all.deb ...
Unpacking python3-mako (1.3.2-1ubuntu0.1) ...
Selecting previously unselected package python3-markdown.
Preparing to unpack .../094-python3-markdown_3.5.2-1_all.deb ...
Unpacking python3-markdown (3.5.2-1) ...
Selecting previously unselected package gobject-introspection-bin.
Preparing to unpack .../095-gobject-introspection-bin_1.80.1-1_amd64.deb ...
Unpacking gobject-introspection-bin (1.80.1-1) ...
Selecting previously unselected package libffi-dev:amd64.
Preparing to unpack .../096-libffi-dev_3.4.6-1build1_amd64.deb ...
Unpacking libffi-dev:amd64 (3.4.6-1build1) ...
Selecting previously unselected package libglib2.0-bin.
Preparing to unpack .../097-libglib2.0-bin_2.80.0-6ubuntu3.8_amd64.deb ...
Unpacking libglib2.0-bin (2.80.0-6ubuntu3.8) ...
Selecting previously unselected package python3-packaging.
Preparing to unpack .../098-python3-packaging_24.0-1_all.deb ...
Unpacking python3-packaging (24.0-1) ...
Selecting previously unselected package libglib2.0-dev-bin.
Preparing to unpack .../099-libglib2.0-dev-bin_2.80.0-6ubuntu3.8_amd64.deb ...
Unpacking libglib2.0-dev-bin (2.80.0-6ubuntu3.8) ...
Selecting previously unselected package uuid-dev:amd64.
Preparing to unpack .../100-uuid-dev_2.39.3-9ubuntu6.6_amd64.deb ...
Unpacking uuid-dev:amd64 (2.39.3-9ubuntu6.6) ...
Selecting previously unselected package libblkid-dev:amd64.
Preparing to unpack .../101-libblkid-dev_2.39.3-9ubuntu6.6_amd64.deb ...
Unpacking libblkid-dev:amd64 (2.39.3-9ubuntu6.6) ...
Selecting previously unselected package libsepol-dev:amd64.
Preparing to unpack .../102-libsepol-dev_3.5-2build1_amd64.deb ...
Unpacking libsepol-dev:amd64 (3.5-2build1) ...
Selecting previously unselected package libpcre2-16-0:amd64.
Preparing to unpack .../103-libpcre2-16-0_10.42-4ubuntu2.1_amd64.deb ...
Unpacking libpcre2-16-0:amd64 (10.42-4ubuntu2.1) ...
Selecting previously unselected package libpcre2-32-0:amd64.
Preparing to unpack .../104-libpcre2-32-0_10.42-4ubuntu2.1_amd64.deb ...
Unpacking libpcre2-32-0:amd64 (10.42-4ubuntu2.1) ...
Selecting previously unselected package libpcre2-posix3:amd64.
Preparing to unpack .../105-libpcre2-posix3_10.42-4ubuntu2.1_amd64.deb ...
Unpacking libpcre2-posix3:amd64 (10.42-4ubuntu2.1) ...
Selecting previously unselected package libpcre2-dev:amd64.
Preparing to unpack .../106-libpcre2-dev_10.42-4ubuntu2.1_amd64.deb ...
Unpacking libpcre2-dev:amd64 (10.42-4ubuntu2.1) ...
Selecting previously unselected package libselinux1-dev:amd64.
Preparing to unpack .../107-libselinux1-dev_3.5-2ubuntu2.1_amd64.deb ...
Unpacking libselinux1-dev:amd64 (3.5-2ubuntu2.1) ...
Selecting previously unselected package libmount-dev:amd64.
Preparing to unpack .../108-libmount-dev_2.39.3-9ubuntu6.6_amd64.deb ...
Unpacking libmount-dev:amd64 (2.39.3-9ubuntu6.6) ...
Selecting previously unselected package libgirepository-2.0-0:amd64.
Preparing to unpack .../109-libgirepository-2.0-0_2.80.0-6ubuntu3.8_amd64.deb ...
Unpacking libgirepository-2.0-0:amd64 (2.80.0-6ubuntu3.8) ...
Selecting previously unselected package libglib2.0-dev:amd64.
Preparing to unpack .../110-libglib2.0-dev_2.80.0-6ubuntu3.8_amd64.deb ...
Unpacking libglib2.0-dev:amd64 (2.80.0-6ubuntu3.8) ...
Selecting previously unselected package gobject-introspection:amd64.
Preparing to unpack .../111-gobject-introspection_1.80.1-1_amd64.deb ...
Unpacking gobject-introspection:amd64 (1.80.1-1) ...
Selecting previously unselected package icu-devtools.
Preparing to unpack .../112-icu-devtools_74.2-1ubuntu3.1_amd64.deb ...
Unpacking icu-devtools (74.2-1ubuntu3.1) ...
Selecting previously unselected package libdbusmenu-glib-dev:amd64.
Preparing to unpack .../113-libdbusmenu-glib-dev_18.10.20180917~bzr492+repack1-3.1ubuntu5_amd64.deb ...
Unpacking libdbusmenu-glib-dev:amd64 (18.10.20180917~bzr492+repack1-3.1ubuntu5) ...
Selecting previously unselected package xml-core.
Preparing to unpack .../114-xml-core_0.19_all.deb ...
Unpacking xml-core (0.19) ...
Selecting previously unselected package libdbus-1-dev:amd64.
Preparing to unpack .../115-libdbus-1-dev_1.14.10-4ubuntu4.1_amd64.deb ...
Unpacking libdbus-1-dev:amd64 (1.14.10-4ubuntu4.1) ...
Selecting previously unselected package libdbus-glib-1-2:amd64.
Preparing to unpack .../116-libdbus-glib-1-2_0.112-3build2_amd64.deb ...
Unpacking libdbus-glib-1-2:amd64 (0.112-3build2) ...
Selecting previously unselected package libdbus-glib-1-dev-bin.
Preparing to unpack .../117-libdbus-glib-1-dev-bin_0.112-3build2_amd64.deb ...
Unpacking libdbus-glib-1-dev-bin (0.112-3build2) ...
Selecting previously unselected package libdbus-glib-1-dev:amd64.
Preparing to unpack .../118-libdbus-glib-1-dev_0.112-3build2_amd64.deb ...
Unpacking libdbus-glib-1-dev:amd64 (0.112-3build2) ...
Selecting previously unselected package libatk1.0-dev:amd64.
Preparing to unpack .../119-libatk1.0-dev_2.52.0-1build1_amd64.deb ...
Unpacking libatk1.0-dev:amd64 (2.52.0-1build1) ...
Selecting previously unselected package xorg-sgml-doctools.
Preparing to unpack .../120-xorg-sgml-doctools_1%3a1.11-1.1_all.deb ...
Unpacking xorg-sgml-doctools (1:1.11-1.1) ...
Selecting previously unselected package x11proto-dev.
Preparing to unpack .../121-x11proto-dev_2023.2-1_all.deb ...
Unpacking x11proto-dev (2023.2-1) ...
Selecting previously unselected package libxau-dev:amd64.
Preparing to unpack .../122-libxau-dev_1%3a1.0.9-1build6_amd64.deb ...
Unpacking libxau-dev:amd64 (1:1.0.9-1build6) ...
Selecting previously unselected package libxdmcp-dev:amd64.
Preparing to unpack .../123-libxdmcp-dev_1%3a1.1.3-0ubuntu6_amd64.deb ...
Unpacking libxdmcp-dev:amd64 (1:1.1.3-0ubuntu6) ...
Selecting previously unselected package xtrans-dev.
Preparing to unpack .../124-xtrans-dev_1.4.0-1_all.deb ...
Unpacking xtrans-dev (1.4.0-1) ...
Selecting previously unselected package libpthread-stubs0-dev:amd64.
Preparing to unpack .../125-libpthread-stubs0-dev_0.4-1build3_amd64.deb ...
Unpacking libpthread-stubs0-dev:amd64 (0.4-1build3) ...
Selecting previously unselected package libxcb1-dev:amd64.
Preparing to unpack .../126-libxcb1-dev_1.15-1ubuntu2_amd64.deb ...
Unpacking libxcb1-dev:amd64 (1.15-1ubuntu2) ...
Selecting previously unselected package libx11-dev:amd64.
Preparing to unpack .../127-libx11-dev_2%3a1.8.7-1build1_amd64.deb ...
Unpacking libx11-dev:amd64 (2:1.8.7-1build1) ...
Selecting previously unselected package libxext-dev:amd64.
Preparing to unpack .../128-libxext-dev_2%3a1.3.4-1build2_amd64.deb ...
Unpacking libxext-dev:amd64 (2:1.3.4-1build2) ...
Selecting previously unselected package libxfixes-dev:amd64.
Preparing to unpack .../129-libxfixes-dev_1%3a6.0.0-2build1_amd64.deb ...
Unpacking libxfixes-dev:amd64 (1:6.0.0-2build1) ...
Selecting previously unselected package libxi-dev:amd64.
Preparing to unpack .../130-libxi-dev_2%3a1.8.1-1build1_amd64.deb ...
Unpacking libxi-dev:amd64 (2:1.8.1-1build1) ...
Selecting previously unselected package libxtst-dev:amd64.
Preparing to unpack .../131-libxtst-dev_2%3a1.2.3-1.1build1_amd64.deb ...
Unpacking libxtst-dev:amd64 (2:1.2.3-1.1build1) ...
Selecting previously unselected package libatspi2.0-dev:amd64.
Preparing to unpack .../132-libatspi2.0-dev_2.52.0-1build1_amd64.deb ...
Unpacking libatspi2.0-dev:amd64 (2.52.0-1build1) ...
Selecting previously unselected package libatk-bridge2.0-dev:amd64.
Preparing to unpack .../133-libatk-bridge2.0-dev_2.52.0-1build1_amd64.deb ...
Unpacking libatk-bridge2.0-dev:amd64 (2.52.0-1build1) ...
Selecting previously unselected package liblzo2-2:amd64.
Preparing to unpack .../134-liblzo2-2_2.10-2build4_amd64.deb ...
Unpacking liblzo2-2:amd64 (2.10-2build4) ...
Selecting previously unselected package libcairo-script-interpreter2:amd64.
Preparing to unpack .../135-libcairo-script-interpreter2_1.18.0-3build1_amd64.deb ...
Unpacking libcairo-script-interpreter2:amd64 (1.18.0-3build1) ...
Selecting previously unselected package libbrotli-dev:amd64.
Preparing to unpack .../136-libbrotli-dev_1.1.0-2build2_amd64.deb ...
Unpacking libbrotli-dev:amd64 (1.1.0-2build2) ...
Selecting previously unselected package libbz2-dev:amd64.
Preparing to unpack .../137-libbz2-dev_1.0.8-5.1ubuntu0.1_amd64.deb ...
Unpacking libbz2-dev:amd64 (1.0.8-5.1ubuntu0.1) ...
Selecting previously unselected package libpng-dev:amd64.
Preparing to unpack .../138-libpng-dev_1.6.43-5ubuntu0.6_amd64.deb ...
Unpacking libpng-dev:amd64 (1.6.43-5ubuntu0.6) ...
Selecting previously unselected package libfreetype-dev:amd64.
Preparing to unpack .../139-libfreetype-dev_2.13.2+dfsg-1ubuntu0.1_amd64.deb ...
Unpacking libfreetype-dev:amd64 (2.13.2+dfsg-1ubuntu0.1) ...
Selecting previously unselected package libfontconfig-dev:amd64.
Preparing to unpack .../140-libfontconfig-dev_2.15.0-1.1ubuntu2_amd64.deb ...
Unpacking libfontconfig-dev:amd64 (2.15.0-1.1ubuntu2) ...
Selecting previously unselected package libpixman-1-dev:amd64.
Preparing to unpack .../141-libpixman-1-dev_0.42.2-1build1_amd64.deb ...
Unpacking libpixman-1-dev:amd64 (0.42.2-1build1) ...
Selecting previously unselected package libice-dev:amd64.
Preparing to unpack .../142-libice-dev_2%3a1.0.10-1build3_amd64.deb ...
Unpacking libice-dev:amd64 (2:1.0.10-1build3) ...
Selecting previously unselected package libsm-dev:amd64.
Preparing to unpack .../143-libsm-dev_2%3a1.2.3-1build3_amd64.deb ...
Unpacking libsm-dev:amd64 (2:1.2.3-1build3) ...
Selecting previously unselected package libxcb-render0-dev:amd64.
Preparing to unpack .../144-libxcb-render0-dev_1.15-1ubuntu2_amd64.deb ...
Unpacking libxcb-render0-dev:amd64 (1.15-1ubuntu2) ...
Selecting previously unselected package libxcb-shm0-dev:amd64.
Preparing to unpack .../145-libxcb-shm0-dev_1.15-1ubuntu2_amd64.deb ...
Unpacking libxcb-shm0-dev:amd64 (1.15-1ubuntu2) ...
Selecting previously unselected package libxrender-dev:amd64.
Preparing to unpack .../146-libxrender-dev_1%3a0.9.10-1.1build1_amd64.deb ...
Unpacking libxrender-dev:amd64 (1:0.9.10-1.1build1) ...
Selecting previously unselected package libcairo2-dev:amd64.
Preparing to unpack .../147-libcairo2-dev_1.18.0-3build1_amd64.deb ...
Unpacking libcairo2-dev:amd64 (1.18.0-3build1) ...
Selecting previously unselected package libglx-dev:amd64.
Preparing to unpack .../148-libglx-dev_1.7.0-1build1_amd64.deb ...
Unpacking libglx-dev:amd64 (1.7.0-1build1) ...
Selecting previously unselected package libgl-dev:amd64.
Preparing to unpack .../149-libgl-dev_1.7.0-1build1_amd64.deb ...
Unpacking libgl-dev:amd64 (1.7.0-1build1) ...
Selecting previously unselected package libegl-dev:amd64.
Preparing to unpack .../150-libegl-dev_1.7.0-1build1_amd64.deb ...
Unpacking libegl-dev:amd64 (1.7.0-1build1) ...
Selecting previously unselected package libglvnd-core-dev:amd64.
Preparing to unpack .../151-libglvnd-core-dev_1.7.0-1build1_amd64.deb ...
Unpacking libglvnd-core-dev:amd64 (1.7.0-1build1) ...
Selecting previously unselected package libgles1:amd64.
Preparing to unpack .../152-libgles1_1.7.0-1build1_amd64.deb ...
Unpacking libgles1:amd64 (1.7.0-1build1) ...
Selecting previously unselected package libgles-dev:amd64.
Preparing to unpack .../153-libgles-dev_1.7.0-1build1_amd64.deb ...
Unpacking libgles-dev:amd64 (1.7.0-1build1) ...
Selecting previously unselected package libopengl0:amd64.
Preparing to unpack .../154-libopengl0_1.7.0-1build1_amd64.deb ...
Unpacking libopengl0:amd64 (1.7.0-1build1) ...
Selecting previously unselected package libopengl-dev:amd64.
Preparing to unpack .../155-libopengl-dev_1.7.0-1build1_amd64.deb ...
Unpacking libopengl-dev:amd64 (1.7.0-1build1) ...
Selecting previously unselected package libglvnd-dev:amd64.
Preparing to unpack .../156-libglvnd-dev_1.7.0-1build1_amd64.deb ...
Unpacking libglvnd-dev:amd64 (1.7.0-1build1) ...
Selecting previously unselected package libegl1-mesa-dev:amd64.
Preparing to unpack .../157-libegl1-mesa-dev_25.2.8-0ubuntu0.24.04.2_amd64.deb ...
Unpacking libegl1-mesa-dev:amd64 (25.2.8-0ubuntu0.24.04.2) ...
Selecting previously unselected package libepoxy-dev:amd64.
Preparing to unpack .../158-libepoxy-dev_1.5.10-1build1_amd64.deb ...
Unpacking libepoxy-dev:amd64 (1.5.10-1build1) ...
Selecting previously unselected package libfribidi-dev:amd64.
Preparing to unpack .../159-libfribidi-dev_1.0.13-3build1_amd64.deb ...
Unpacking libfribidi-dev:amd64 (1.0.13-3build1) ...
Selecting previously unselected package libgdk-pixbuf2.0-bin.
Preparing to unpack .../160-libgdk-pixbuf2.0-bin_2.42.10+dfsg-3ubuntu3.3_amd64.deb ...
Unpacking libgdk-pixbuf2.0-bin (2.42.10+dfsg-3ubuntu3.3) ...
Selecting previously unselected package libjpeg-turbo8-dev:amd64.
Preparing to unpack .../161-libjpeg-turbo8-dev_2.1.5-2ubuntu2_amd64.deb ...
Unpacking libjpeg-turbo8-dev:amd64 (2.1.5-2ubuntu2) ...
Selecting previously unselected package libjpeg8-dev:amd64.
Preparing to unpack .../162-libjpeg8-dev_8c-2ubuntu11_amd64.deb ...
Unpacking libjpeg8-dev:amd64 (8c-2ubuntu11) ...
Selecting previously unselected package libjpeg-dev:amd64.
Preparing to unpack .../163-libjpeg-dev_8c-2ubuntu11_amd64.deb ...
Unpacking libjpeg-dev:amd64 (8c-2ubuntu11) ...
Selecting previously unselected package libjbig-dev:amd64.
Preparing to unpack .../164-libjbig-dev_2.1-6.1ubuntu2_amd64.deb ...
Unpacking libjbig-dev:amd64 (2.1-6.1ubuntu2) ...
Selecting previously unselected package liblzma-dev:amd64.
Preparing to unpack .../165-liblzma-dev_5.6.1+really5.4.5-1ubuntu0.3_amd64.deb ...
Unpacking liblzma-dev:amd64 (5.6.1+really5.4.5-1ubuntu0.3) ...
Selecting previously unselected package libzstd-dev:amd64.
Preparing to unpack .../166-libzstd-dev_1.5.5+dfsg2-2build1.1_amd64.deb ...
Unpacking libzstd-dev:amd64 (1.5.5+dfsg2-2build1.1) ...
Selecting previously unselected package libwebpdecoder3:amd64.
Preparing to unpack .../167-libwebpdecoder3_1.3.2-0.4build3_amd64.deb ...
Unpacking libwebpdecoder3:amd64 (1.3.2-0.4build3) ...
Selecting previously unselected package libsharpyuv-dev:amd64.
Preparing to unpack .../168-libsharpyuv-dev_1.3.2-0.4build3_amd64.deb ...
Unpacking libsharpyuv-dev:amd64 (1.3.2-0.4build3) ...
Selecting previously unselected package libwebp-dev:amd64.
Preparing to unpack .../169-libwebp-dev_1.3.2-0.4build3_amd64.deb ...
Unpacking libwebp-dev:amd64 (1.3.2-0.4build3) ...
Selecting previously unselected package libtiffxx6:amd64.
Preparing to unpack .../170-libtiffxx6_4.5.1+git230720-4ubuntu2.5_amd64.deb ...
Unpacking libtiffxx6:amd64 (4.5.1+git230720-4ubuntu2.5) ...
Selecting previously unselected package libdeflate-dev:amd64.
Preparing to unpack .../171-libdeflate-dev_1.19-1build1.1_amd64.deb ...
Unpacking libdeflate-dev:amd64 (1.19-1build1.1) ...
Selecting previously unselected package liblerc-dev:amd64.
Preparing to unpack .../172-liblerc-dev_4.0.0+ds-4ubuntu2_amd64.deb ...
Unpacking liblerc-dev:amd64 (4.0.0+ds-4ubuntu2) ...
Selecting previously unselected package libtiff-dev:amd64.
Preparing to unpack .../173-libtiff-dev_4.5.1+git230720-4ubuntu2.5_amd64.deb ...
Unpacking libtiff-dev:amd64 (4.5.1+git230720-4ubuntu2.5) ...
Selecting previously unselected package libgdk-pixbuf-2.0-dev:amd64.
Preparing to unpack .../174-libgdk-pixbuf-2.0-dev_2.42.10+dfsg-3ubuntu3.3_amd64.deb ...
Unpacking libgdk-pixbuf-2.0-dev:amd64 (2.42.10+dfsg-3ubuntu3.3) ...
Selecting previously unselected package libharfbuzz-subset0:amd64.
Preparing to unpack .../175-libharfbuzz-subset0_8.3.0-2build2_amd64.deb ...
Unpacking libharfbuzz-subset0:amd64 (8.3.0-2build2) ...
Selecting previously unselected package libharfbuzz-cairo0:amd64.
Preparing to unpack .../176-libharfbuzz-cairo0_8.3.0-2build2_amd64.deb ...
Unpacking libharfbuzz-cairo0:amd64 (8.3.0-2build2) ...
Selecting previously unselected package libgraphite2-dev:amd64.
Preparing to unpack .../177-libgraphite2-dev_1.3.14-2ubuntu0.24.04.1_amd64.deb ...
Unpacking libgraphite2-dev:amd64 (1.3.14-2ubuntu0.24.04.1) ...
Selecting previously unselected package libicu-dev:amd64.
Preparing to unpack .../178-libicu-dev_74.2-1ubuntu3.1_amd64.deb ...
Unpacking libicu-dev:amd64 (74.2-1ubuntu3.1) ...
Selecting previously unselected package libharfbuzz-dev:amd64.
Preparing to unpack .../179-libharfbuzz-dev_8.3.0-2build2_amd64.deb ...
Unpacking libharfbuzz-dev:amd64 (8.3.0-2build2) ...
Selecting previously unselected package libdatrie-dev:amd64.
Preparing to unpack .../180-libdatrie-dev_0.2.13-3build1_amd64.deb ...
Unpacking libdatrie-dev:amd64 (0.2.13-3build1) ...
Selecting previously unselected package libthai-dev:amd64.
Preparing to unpack .../181-libthai-dev_0.1.29-2build1_amd64.deb ...
Unpacking libthai-dev:amd64 (0.1.29-2build1) ...
Selecting previously unselected package libxft-dev:amd64.
Preparing to unpack .../182-libxft-dev_2.3.6-1build1_amd64.deb ...
Unpacking libxft-dev:amd64 (2.3.6-1build1) ...
Selecting previously unselected package pango1.0-tools.
Preparing to unpack .../183-pango1.0-tools_1.52.1+ds-1build1_amd64.deb ...
Unpacking pango1.0-tools (1.52.1+ds-1build1) ...
Selecting previously unselected package libpango1.0-dev:amd64.
Preparing to unpack .../184-libpango1.0-dev_1.52.1+ds-1build1_amd64.deb ...
Unpacking libpango1.0-dev:amd64 (1.52.1+ds-1build1) ...
Selecting previously unselected package libwayland-bin.
Preparing to unpack .../185-libwayland-bin_1.22.0-2.1build1_amd64.deb ...
Unpacking libwayland-bin (1.22.0-2.1build1) ...
Selecting previously unselected package libwayland-dev:amd64.
Preparing to unpack .../186-libwayland-dev_1.22.0-2.1build1_amd64.deb ...
Unpacking libwayland-dev:amd64 (1.22.0-2.1build1) ...
Selecting previously unselected package libxcomposite-dev:amd64.
Preparing to unpack .../187-libxcomposite-dev_1%3a0.4.5-1build3_amd64.deb ...
Unpacking libxcomposite-dev:amd64 (1:0.4.5-1build3) ...
Selecting previously unselected package libxcursor-dev:amd64.
Preparing to unpack .../188-libxcursor-dev_1%3a1.2.1-1build1_amd64.deb ...
Unpacking libxcursor-dev:amd64 (1:1.2.1-1build1) ...
Selecting previously unselected package libxdamage-dev:amd64.
Preparing to unpack .../189-libxdamage-dev_1%3a1.1.6-1build1_amd64.deb ...
Unpacking libxdamage-dev:amd64 (1:1.1.6-1build1) ...
Selecting previously unselected package libxinerama-dev:amd64.
Preparing to unpack .../190-libxinerama-dev_2%3a1.1.4-3build1_amd64.deb ...
Unpacking libxinerama-dev:amd64 (2:1.1.4-3build1) ...
Selecting previously unselected package libxkbcommon-dev:amd64.
Preparing to unpack .../191-libxkbcommon-dev_1.6.0-1build1_amd64.deb ...
Unpacking libxkbcommon-dev:amd64 (1.6.0-1build1) ...
Selecting previously unselected package libxrandr-dev:amd64.
Preparing to unpack .../192-libxrandr-dev_2%3a1.5.2-2build1_amd64.deb ...
Unpacking libxrandr-dev:amd64 (2:1.5.2-2build1) ...
Selecting previously unselected package wayland-protocols.
Preparing to unpack .../193-wayland-protocols_1.45-1~ubuntu0.24.04.2_all.deb ...
Unpacking wayland-protocols (1.45-1~ubuntu0.24.04.2) ...
Selecting previously unselected package libgtk-3-dev:amd64.
Preparing to unpack .../194-libgtk-3-dev_3.24.41-4ubuntu1.3_amd64.deb ...
Unpacking libgtk-3-dev:amd64 (3.24.41-4ubuntu1.3) ...
Selecting previously unselected package libappindicator3-dev.
Preparing to unpack .../195-libappindicator3-dev_12.10.1+20.10.20200706.1-0ubuntu5_amd64.deb ...
Unpacking libappindicator3-dev (12.10.1+20.10.20200706.1-0ubuntu5) ...
Selecting previously unselected package libasound2-dev:amd64.
Preparing to unpack .../196-libasound2-dev_1.2.11-1ubuntu0.3_amd64.deb ...
Unpacking libasound2-dev:amd64 (1.2.11-1ubuntu0.3) ...
Selecting previously unselected package libgc1:amd64.
Preparing to unpack .../197-libgc1_1%3a8.2.6-1build1_amd64.deb ...
Unpacking libgc1:amd64 (1:8.2.6-1build1) ...
Selecting previously unselected package libobjc4:amd64.
Preparing to unpack .../198-libobjc4_14.2.0-4ubuntu2~24.04.1_amd64.deb ...
Unpacking libobjc4:amd64 (14.2.0-4ubuntu2~24.04.1) ...
Selecting previously unselected package libobjc-13-dev:amd64.
Preparing to unpack .../199-libobjc-13-dev_13.3.0-6ubuntu2~24.04.1_amd64.deb ...
Unpacking libobjc-13-dev:amd64 (13.3.0-6ubuntu2~24.04.1) ...
Selecting previously unselected package libllvm18:amd64.
Preparing to unpack .../200-libllvm18_1%3a18.1.3-1ubuntu1_amd64.deb ...
Unpacking libllvm18:amd64 (1:18.1.3-1ubuntu1) ...
Selecting previously unselected package libclang1-18.
Preparing to unpack .../201-libclang1-18_1%3a18.1.3-1ubuntu1_amd64.deb ...
Unpacking libclang1-18 (1:18.1.3-1ubuntu1) ...
Selecting previously unselected package libclang-common-18-dev:amd64.
Preparing to unpack .../202-libclang-common-18-dev_1%3a18.1.3-1ubuntu1_amd64.deb ...
Unpacking libclang-common-18-dev:amd64 (1:18.1.3-1ubuntu1) ...
Selecting previously unselected package libclang-18-dev.
Preparing to unpack .../203-libclang-18-dev_1%3a18.1.3-1ubuntu1_amd64.deb ...
Unpacking libclang-18-dev (1:18.1.3-1ubuntu1) ...
Selecting previously unselected package libclang-dev.
Preparing to unpack .../204-libclang-dev_1%3a18.0-59~exp2_amd64.deb ...
Unpacking libclang-dev (1:18.0-59~exp2) ...
Selecting previously unselected package libgirepository-1.0-dev:amd64.
Preparing to unpack .../205-libgirepository-1.0-dev_1.80.1-1_amd64.deb ...
Unpacking libgirepository-1.0-dev:amd64 (1.80.1-1) ...
Selecting previously unselected package libgirepository1.0-dev.
Preparing to unpack .../206-libgirepository1.0-dev_1.80.1-1_amd64.deb ...
Unpacking libgirepository1.0-dev (1.80.1-1) ...
Selecting previously unselected package libjavascriptcoregtk-4.1-dev:amd64.
Preparing to unpack .../207-libjavascriptcoregtk-4.1-dev_2.52.6-0ubuntu0.24.04.1_amd64.deb ...
Unpacking libjavascriptcoregtk-4.1-dev:amd64 (2.52.6-0ubuntu0.24.04.1) ...
Selecting previously unselected package libnghttp2-dev:amd64.
Preparing to unpack .../208-libnghttp2-dev_1.59.0-1ubuntu0.4_amd64.deb ...
Unpacking libnghttp2-dev:amd64 (1.59.0-1ubuntu0.4) ...
Selecting previously unselected package libpsl-dev:amd64.
Preparing to unpack .../209-libpsl-dev_0.21.2-1.1build1_amd64.deb ...
Unpacking libpsl-dev:amd64 (0.21.2-1.1build1) ...
Selecting previously unselected package libpulse-mainloop-glib0:amd64.
Preparing to unpack .../210-libpulse-mainloop-glib0_1%3a16.1+dfsg1-2ubuntu10.1_amd64.deb ...
Unpacking libpulse-mainloop-glib0:amd64 (1:16.1+dfsg1-2ubuntu10.1) ...
Selecting previously unselected package libpulse-dev:amd64.
Preparing to unpack .../211-libpulse-dev_1%3a16.1+dfsg1-2ubuntu10.1_amd64.deb ...
Unpacking libpulse-dev:amd64 (1:16.1+dfsg1-2ubuntu10.1) ...
Selecting previously unselected package librsvg2-common:amd64.
Preparing to unpack .../212-librsvg2-common_2.58.0+dfsg-1build1_amd64.deb ...
Unpacking librsvg2-common:amd64 (2.58.0+dfsg-1build1) ...
Selecting previously unselected package librsvg2-dev:amd64.
Preparing to unpack .../213-librsvg2-dev_2.58.0+dfsg-1build1_amd64.deb ...
Unpacking librsvg2-dev:amd64 (2.58.0+dfsg-1build1) ...
Selecting previously unselected package libsqlite3-dev:amd64.
Preparing to unpack .../214-libsqlite3-dev_3.45.1-1ubuntu2.7_amd64.deb ...
Unpacking libsqlite3-dev:amd64 (3.45.1-1ubuntu2.7) ...
Selecting previously unselected package libsysprof-capture-4-dev:amd64.
Preparing to unpack .../215-libsysprof-capture-4-dev_46.0-1build1_amd64.deb ...
Unpacking libsysprof-capture-4-dev:amd64 (46.0-1build1) ...
Selecting previously unselected package libsoup-3.0-dev:amd64.
Preparing to unpack .../216-libsoup-3.0-dev_3.4.4-5ubuntu0.7_amd64.deb ...
Unpacking libsoup-3.0-dev:amd64 (3.4.4-5ubuntu0.7) ...
Selecting previously unselected package libwebkit2gtk-4.1-dev.
Preparing to unpack .../217-libwebkit2gtk-4.1-dev_2.52.6-0ubuntu0.24.04.1_amd64.deb ...
Unpacking libwebkit2gtk-4.1-dev (2.52.6-0ubuntu0.24.04.1) ...
Selecting previously unselected package patchelf.
Preparing to unpack .../218-patchelf_0.18.0-1.1build1_amd64.deb ...
Unpacking patchelf (0.18.0-1.1build1) ...
Setting up libhwy1t64:amd64 (1.0.7-8.1build1) ...
Setting up bubblewrap (0.9.0-1ubuntu0.1) ...
Setting up libtext-iconv-perl:amd64 (1.7-8build3) ...
Setting up libcdparanoia0:amd64 (3.10.2+debian-14build3) ...
Setting up libwayland-server0:amd64 (1.22.0-2.1build1) ...
Setting up libnghttp2-dev:amd64 (1.59.0-1ubuntu0.4) ...
Setting up session-migration (0.3.9build1) ...
Created symlink /etc/systemd/user/graphical-session-pre.target.wants/session-migration.service → /usr/lib/systemd/user/session-migration.service.
Setting up libjpeg-turbo8-dev:amd64 (2.1.5-2ubuntu2) ...
Setting up systemd-sysv (255.4-1ubuntu8.17) ...
Setting up libraw1394-11:amd64 (2.1.2-2build3) ...
Setting up libxft2:amd64 (2.3.6-1build1) ...
Setting up libtag1v5-vanilla:amd64 (1.13.1-1build1) ...
Setting up libharfbuzz-icu0:amd64 (8.3.0-2build2) ...
Setting up libfftw3-single3:amd64 (3.3.10-1ubuntu3) ...
Setting up libpixman-1-dev:amd64 (0.42.2-1build1) ...
Setting up libgpm2:amd64 (1.20.7-11) ...
Setting up libogg0:amd64 (1.3.5-3build1) ...
Setting up libzstd-dev:amd64 (1.5.5+dfsg2-2build1.1) ...
Setting up libspeex1:amd64 (1.2.1-2ubuntu2.24.04.1) ...
Setting up libshine3:amd64 (3.1.1-2build1) ...
Setting up libv4lconvert0t64:amd64 (1.26.1-4build3) ...
Setting up libglvnd-core-dev:amd64 (1.7.0-1build1) ...
Setting up libx264-164:amd64 (2:0.164.3108+git31e19f9-1) ...
Setting up libtwolame0:amd64 (0.4.0-2build3) ...
Setting up libhyphen0:amd64 (2.8.8-7build3) ...
Setting up libmagic-mgc (1:5.45-3build1) ...
Setting up libgsm1:amd64 (1.0.22-1build1) ...
Setting up libgirepository-2.0-0:amd64 (2.80.0-6ubuntu3.8) ...
Setting up libvisual-0.4-0:amd64 (0.4.2-2build1) ...
Setting up libsoxr0:amd64 (0.1.3-4build3) ...
Setting up libaspell15:amd64 (0.60.8.1-1build1) ...
Setting up libtdb1:amd64 (1.4.10-1build1) ...
Setting up libxtst6:amd64 (2:1.2.3-1.1build1) ...
Setting up libcodec2-1.2:amd64 (1.2.0-2build1) ...
Setting up libfribidi-dev:amd64 (1.0.13-3build1) ...
Setting up libdbusmenu-glib4:amd64 (18.10.20180917~bzr492+repack1-3.1ubuntu5) ...
Setting up libxkbcommon-dev:amd64 (1.6.0-1build1) ...
Setting up libxcursor1:amd64 (1:1.2.1-1build1) ...
Setting up libgdk-pixbuf2.0-common (2.42.10+dfsg-3ubuntu3.3) ...
Setting up libpng-dev:amd64 (1.6.43-5ubuntu0.6) ...
Setting up libuv1t64:amd64 (1.48.0-1.1build1) ...
Setting up libmagic1t64:amd64 (1:5.45-3build1) ...
Setting up libjbig-dev:amd64 (2.1-6.1ubuntu2) ...
Setting up libwebrtc-audio-processing1:amd64 (0.3.1-0ubuntu6) ...
Setting up libwebpdecoder3:amd64 (1.3.2-0.4build3) ...
Setting up liblzo2-2:amd64 (2.10-2build4) ...
Setting up libsvtav1enc1d1:amd64 (1.7.0+dfsg-2build1) ...
Setting up libharfbuzz-gobject0:amd64 (8.3.0-2build2) ...
Setting up file (1:5.45-3build1) ...
Setting up libsoup-3.0-common (3.4.4-5ubuntu0.7) ...
Setting up libmpg123-0t64:amd64 (1.32.5-1ubuntu1.1) ...
Setting up libxvidcore4:amd64 (2:1.3.7-1build1) ...
Setting up libffi-dev:amd64 (3.4.6-1build1) ...
Setting up python3-markupsafe (2.1.5-1build2) ...
Setting up libpthread-stubs0-dev:amd64 (0.4-1build3) ...
Setting up librav1e0:amd64 (0.7.1-2) ...
Setting up libpcre2-16-0:amd64 (10.42-4ubuntu2.1) ...
Setting up libcolord2:amd64 (1.4.7-1build2) ...
Setting up libopengl0:amd64 (1.7.0-1build1) ...
Setting up libpsl-dev:amd64 (0.21.2-1.1build1) ...
Setting up libsnappy1v5:amd64 (1.1.10-1build1) ...
Setting up liborc-0.4-0t64:amd64 (1:0.4.38-1ubuntu0.1) ...
Setting up libdw1t64:amd64 (0.190-1.1ubuntu0.1) ...
Setting up libcap2-bin (1:2.66-5ubuntu2.4) ...
Setting up libdconf1:amd64 (0.40.0-4ubuntu0.1) ...
Setting up libsysprof-capture-4-dev:amd64 (46.0-1build1) ...
Setting up xtrans-dev (1.4.0-1) ...
Setting up libwayland-bin (1.22.0-2.1build1) ...
Setting up libgraphite2-dev:amd64 (1.3.14-2ubuntu0.24.04.1) ...
Setting up libpcre2-32-0:amd64 (10.42-4ubuntu2.1) ...
Setting up libglib2.0-data (2.80.0-6ubuntu3.8) ...
Setting up python3-packaging (24.0-1) ...
Setting up libjavascriptcoregtk-4.1-0:amd64 (2.52.6-0ubuntu0.24.04.1) ...
Setting up libgles2:amd64 (1.7.0-1build1) ...
Setting up emacsen-common (3.0.5) ...
Setting up libslang2:amd64 (2.3.3-3build2) ...
Setting up libva2:amd64 (2.20.0-2ubuntu0.2) ...
Setting up libharfbuzz-cairo0:amd64 (8.3.0-2build2) ...
Setting up libsqlite3-dev:amd64 (3.45.1-1ubuntu2.7) ...
Setting up libwrap0:amd64 (7.6.q-33) ...
Setting up libepoxy0:amd64 (1.5.10-1build1) ...
Setting up libdbus-glib-1-2:amd64 (0.112-3build2) ...
Setting up uuid-dev:amd64 (2.39.3-9ubuntu6.6) ...
Setting up libncurses6:amd64 (6.4+20240113-1ubuntu2.2) ...
Setting up strace (6.8-0ubuntu2) ...
Setting up libgles1:amd64 (1.7.0-1build1) ...
Setting up libopus0:amd64 (1.4-1build1) ...
Setting up shared-mime-info (2.4-4) ...
Setting up libxinerama1:amd64 (2:1.1.4-3build1) ...
Setting up libvorbis0a:amd64 (1.3.7-1build3) ...
Setting up python3-markdown (3.5.2-1) ...
Setting up libjsoncpp25:amd64 (1.9.5-6build1) ...
Setting up icu-devtools (74.2-1ubuntu3.1) ...
Setting up libdv4t64:amd64 (1.0.0-17.1build1) ...
Setting up libsepol-dev:amd64 (3.5-2build1) ...
Setting up gir1.2-glib-2.0:amd64 (2.80.0-6ubuntu3.8) ...
Setting up liblerc-dev:amd64 (4.0.0+ds-4ubuntu2) ...
Setting up libjxl0.7:amd64 (0.7.0-10.2ubuntu6.1) ...
Setting up libclang-common-18-dev:amd64 (1:18.1.3-1ubuntu1) ...
Setting up libncursesw6:amd64 (6.4+20240113-1ubuntu2.2) ...
Setting up libgc1:amd64 (1:8.2.6-1build1) ...
Setting up libv4l-0t64:amd64 (1.26.1-4build3) ...
Setting up liblzma-dev:amd64 (5.6.1+really5.4.5-1ubuntu0.3) ...
Setting up xdg-dbus-proxy (0.1.5-1ubuntu0.2) ...
Setting up libnuma1:amd64 (2.0.18-1ubuntu0.24.04.1) ...
Setting up libpcre2-posix3:amd64 (10.42-4ubuntu2.1) ...
Setting up libvpx9:amd64 (1.14.0-1ubuntu2.3) ...
Setting up wayland-protocols (1.45-1~ubuntu0.24.04.2) ...
Setting up libtag1v5:amd64 (1.13.1-1build1) ...
Setting up libdav1d7:amd64 (1.4.1-1build1) ...
Setting up libdatrie-dev:amd64 (0.2.13-3build1) ...
Setting up libva-drm2:amd64 (2.20.0-2ubuntu0.2) ...
Setting up ocl-icd-libopencl1:amd64 (2.3.2-1build1) ...
Setting up libduktape207:amd64 (2.7.0+tests-0ubuntu3) ...
Setting up gir1.2-glib-2.0-dev:amd64 (2.80.0-6ubuntu3.8) ...
Setting up libasyncns0:amd64 (0.8-6build4) ...
Setting up libvdpau1:amd64 (1.5-2build1) ...
Setting up librhash0:amd64 (1.4.3-3build1) ...
Setting up libwavpack1:amd64 (5.6.0-1build1) ...
Setting up dbus-session-bus-common (1.14.10-4ubuntu4.1) ...
Setting up libtheora0:amd64 (1.1.1+dfsg.1-16.1build3) ...
Setting up libspeexdsp1:amd64 (1.2.1-1ubuntu3) ...
Setting up libxslt1.1:amd64 (1.1.39-0exp1ubuntu0.24.04.3) ...
Setting up libharfbuzz-subset0:amd64 (8.3.0-2build2) ...
Setting up libgirepository-1.0-1:amd64 (1.80.1-1) ...
Setting up xorg-sgml-doctools (1:1.11-1.1) ...
Setting up libgdk-pixbuf-2.0-0:amd64 (2.42.10+dfsg-3ubuntu3.3) ...
Setting up libjson-glib-1.0-common (1.8.0-2build2) ...
Setting up sgml-base (1.31) ...
Setting up libcairo-gobject2:amd64 (1.18.0-3build1) ...
Setting up cmake-data (3.28.3-1build7) ...
Setting up libflac12t64:amd64 (1.4.3+ds-2.1ubuntu2) ...
Setting up libwayland-egl1:amd64 (1.22.0-2.1build1) ...
Setting up libopengl-dev:amd64 (1.7.0-1build1) ...
Setting up libhunspell-1.7-0:amd64 (1.7.2+really1.7.2-10build3) ...
Setting up glib-networking-common (2.80.0-1build1) ...
Setting up libpangoft2-1.0-0:amd64 (1.52.1+ds-1build1) ...
Setting up libjpeg8-dev:amd64 (8c-2ubuntu11) ...
Setting up patchelf (0.18.0-1.1build1) ...
Setting up dbus-system-bus-common (1.14.10-4ubuntu4.1) ...
Setting up libasound2-dev:amd64 (1.2.11-1ubuntu0.3) ...
Setting up libsharpyuv-dev:amd64 (1.3.2-0.4build3) ...
Setting up libsamplerate0:amd64 (0.2.2-4build1) ...
Setting up libva-x11-2:amd64 (2.20.0-2ubuntu0.2) ...
Setting up libtiffxx6:amd64 (4.5.1+git230720-4ubuntu2.5) ...
Setting up libdeflate-dev:amd64 (1.19-1build1.1) ...
Setting up libarchive13t64:amd64 (3.7.2-2ubuntu0.8) ...
Setting up libevdev2:amd64 (1.13.1+dfsg-1build1) ...
Setting up libicu-dev:amd64 (74.2-1ubuntu3.1) ...
Setting up iso-codes (4.16.0-1) ...
Setting up dbus-bin (1.14.10-4ubuntu4.1) ...
Setting up libbrotli-dev:amd64 (1.1.0-2build2) ...
Setting up libgudev-1.0-0:amd64 (1:238-5ubuntu1) ...
Setting up libzvbi-common (0.2.42-2) ...
Setting up libsecret-common (0.21.4-1build3) ...
Setting up libgstreamer1.0-0:amd64 (1.24.2-1ubuntu0.1) ...
Setcap worked! gst-ptp-helper is not suid!
Setting up libmp3lame0:amd64 (3.100-6build1) ...
Setting up python3-mako (1.3.2-1ubuntu0.1) ...
Setting up libvorbisenc2:amd64 (1.3.7-1build3) ...
Setting up libpangocairo-1.0-0:amd64 (1.52.1+ds-1build1) ...
Setting up libaa1:amd64 (1.4p5-51.1) ...
Setting up libllvm18:amd64 (1:18.1.3-1ubuntu1) ...
Setting up libiec61883-0:amd64 (1.2.0-6build1) ...
Setting up libbz2-dev:amd64 (1.0.8-5.1ubuntu0.1) ...
Setting up libwayland-client0:amd64 (1.22.0-2.1build1) ...
Setting up x11proto-dev (2023.2-1) ...
Setting up libavc1394-0:amd64 (0.5.4-5build3) ...
Setting up libcairo-script-interpreter2:amd64 (1.18.0-3build1) ...
Setting up libglib2.0-dev-bin (2.80.0-6ubuntu3.8) ...
Setting up libblkid-dev:amd64 (2.39.3-9ubuntu6.6) ...
Setting up gtk-update-icon-cache (3.24.41-4ubuntu1.3) ...
Setting up libclang1-18 (1:18.1.3-1ubuntu1) ...
Setting up libproxy1v5:amd64 (0.5.4-4build1) ...
Setting up gir1.2-freedesktop:amd64 (1.80.1-1) ...
Setting up libxau-dev:amd64 (1:1.0.9-1build6) ...
Setting up libcaca0:amd64 (0.99.beta20-4ubuntu0.2) ...
Setting up libvpl2 (2023.3.0-1build1) ...
Setting up libpangoxft-1.0-0:amd64 (1.52.1+ds-1build1) ...
Setting up gir1.2-dbusmenu-glib-0.4:amd64 (18.10.20180917~bzr492+repack1-3.1ubuntu5) ...
Setting up libpcre2-dev:amd64 (10.42-4ubuntu2.1) ...
Setting up libzvbi0t64:amd64 (0.2.42-2) ...
Setting up gir1.2-gdkpixbuf-2.0:amd64 (2.42.10+dfsg-3ubuntu3.3) ...
Setting up libice-dev:amd64 (2:1.0.10-1build3) ...
Setting up dictionaries-common (1.29.7) ...
Setting up gir1.2-atk-1.0:amd64 (2.52.0-1build1) ...
Setting up libsm-dev:amd64 (2:1.2.3-1build3) ...
Setting up libselinux1-dev:amd64 (3.5-2ubuntu2.1) ...
Setting up libmanette-0.2-0:amd64 (0.2.7-1build2) ...
Setting up gobject-introspection-bin (1.80.1-1) ...
Setting up pango1.0-tools (1.52.1+ds-1build1) ...
Setting up libdbus-glib-1-dev-bin (0.112-3build2) ...
Setting up libjpeg-dev:amd64 (8c-2ubuntu11) ...
Setting up libglib2.0-bin (2.80.0-6ubuntu3.8) ...
Setting up libgstreamer-plugins-base1.0-0:amd64 (1.24.2-1ubuntu0.4) ...
Setting up libobjc4:amd64 (14.2.0-4ubuntu2~24.04.1) ...
Setting up libavutil58:amd64 (7:6.1.1-3ubuntu5) ...
Setting up dbus-daemon (1.14.10-4ubuntu4.1) ...
Setting up gir1.2-atspi-2.0:amd64 (2.52.0-1build1) ...
Setting up gir1.2-harfbuzz-0.0:amd64 (8.3.0-2build2) ...
Setting up gir1.2-javascriptcoregtk-4.1:amd64 (2.52.6-0ubuntu0.24.04.1) ...
Setting up libjson-glib-1.0-0:amd64 (1.8.0-2build2) ...
Setting up libfreetype-dev:amd64 (2.13.2+dfsg-1ubuntu0.1) ...
Setting up librsvg2-2:amd64 (2.58.0+dfsg-1build1) ...
Setting up libxdmcp-dev:amd64 (1:1.1.3-0ubuntu6) ...
Setting up gir1.2-pango-1.0:amd64 (1.52.1+ds-1build1) ...
Setting up libsecret-1-0:amd64 (0.21.4-1build3) ...
Setting up libgstreamer-plugins-good1.0-0:amd64 (1.24.2-1ubuntu1.5) ...
Setting up libegl-mesa0:amd64 (25.2.8-0ubuntu0.24.04.2) ...
Setting up libwebp-dev:amd64 (1.3.2-0.4build3) ...
Setting up gstreamer1.0-plugins-base:amd64 (1.24.2-1ubuntu0.4) ...
Setting up libtiff-dev:amd64 (4.5.1+git230720-4ubuntu2.5) ...
Setting up libswresample4:amd64 (7:6.1.1-3ubuntu5) ...
Setting up gir1.2-girepository-2.0:amd64 (1.80.1-1) ...
Setting up dbus (1.14.10-4ubuntu4.1) ...
Setting up gir1.2-freedesktop-dev:amd64 (1.80.1-1) ...
Setting up libshout3:amd64 (2.4.6-1build2) ...
Setting up librsvg2-common:amd64 (2.58.0+dfsg-1build1) ...
Setting up libdbusmenu-glib-dev:amd64 (18.10.20180917~bzr492+repack1-3.1ubuntu5) ...
Setting up libx265-199:amd64 (3.5-2build1) ...
Setting up libavcodec60:amd64 (7:6.1.1-3ubuntu5) ...
Setting up libthai-dev:amd64 (0.1.29-2build1) ...
Setting up libjack-jackd2-0:amd64 (1.9.21~dfsg-3ubuntu3) ...
Setting up libgdk-pixbuf2.0-bin (2.42.10+dfsg-3ubuntu3.3) ...
Setting up libwayland-cursor0:amd64 (1.22.0-2.1build1) ...
Setting up xml-core (0.19) ...
Setting up libegl1:amd64 (1.7.0-1build1) ...
Setting up hunspell-en-us (1:2020.12.07-2) ...
Setting up libpam-systemd:amd64 (255.4-1ubuntu8.17) ...
Setting up cmake (3.28.3-1build7) ...
Setting up libsndfile1:amd64 (1.2.2-1ubuntu5.24.04.1) ...
Setting up gir1.2-rsvg-2.0:amd64 (2.58.0+dfsg-1build1) ...
Setting up libmount-dev:amd64 (2.39.3-9ubuntu6.6) ...
Setting up libobjc-13-dev:amd64 (13.3.0-6ubuntu2~24.04.1) ...
Setting up glib-networking-services (2.80.0-1build1) ...
Setting up libxcb1-dev:amd64 (1.15-1ubuntu2) ...
Setting up libpulse0:amd64 (1:16.1+dfsg1-2ubuntu10.1) ...
Setting up libenchant-2-2:amd64 (2.3.3-2build2) ...
Setting up libfontconfig-dev:amd64 (2.15.0-1.1ubuntu2) ...
Setting up libx11-dev:amd64 (2:1.8.7-1build1) ...
Setting up gir1.2-girepository-2.0-dev:amd64 (1.80.1-1) ...
Setting up libwayland-dev:amd64 (1.22.0-2.1build1) ...
Setting up libxfixes-dev:amd64 (1:6.0.0-2build1) ...
Setting up libxcb-shm0-dev:amd64 (1.15-1ubuntu2) ...
Setting up libclang-18-dev (1:18.1.3-1ubuntu1) ...
Setting up dbus-user-session (1.14.10-4ubuntu4.1) ...
Setting up libgstreamer-gl1.0-0:amd64 (1.24.2-1ubuntu0.4) ...
Setting up libglib2.0-dev:amd64 (2.80.0-6ubuntu3.8) ...
Setting up libpulse-mainloop-glib0:amd64 (1:16.1+dfsg1-2ubuntu10.1) ...
Setting up pulseaudio-utils (1:16.1+dfsg1-2ubuntu10.1) ...
Setting up libxcb-render0-dev:amd64 (1.15-1ubuntu2) ...
Setting up libxext-dev:amd64 (2:1.3.4-1build2) ...
Setting up libglx-dev:amd64 (1.7.0-1build1) ...
Setting up libxi-dev:amd64 (2:1.8.1-1build1) ...
Setting up libxrender-dev:amd64 (1:0.9.10-1.1build1) ...
Setting up libgl-dev:amd64 (1.7.0-1build1) ...
Setting up libxft-dev:amd64 (2.3.6-1build1) ...
Setting up libxtst-dev:amd64 (2:1.2.3-1.1build1) ...
Setting up libxdamage-dev:amd64 (1:1.1.6-1build1) ...
Setting up libasound2-plugins:amd64 (1.2.7.1-1ubuntu5) ...
Setting up libclang-dev (1:18.0-59~exp2) ...
Setting up libegl-dev:amd64 (1.7.0-1build1) ...
Setting up libxcomposite-dev:amd64 (1:0.4.5-1build3) ...
Setting up libxcursor-dev:amd64 (1:1.2.1-1build1) ...
Setting up libepoxy-dev:amd64 (1.5.10-1build1) ...
Setting up dconf-service (0.40.0-4ubuntu0.1) ...
Setting up libxrandr-dev:amd64 (2:1.5.2-2build1) ...
Setting up libxinerama-dev:amd64 (2:1.1.4-3build1) ...
Setting up libgles-dev:amd64 (1.7.0-1build1) ...
Setting up dconf-gsettings-backend:amd64 (0.40.0-4ubuntu0.1) ...
Setting up libglvnd-dev:amd64 (1.7.0-1build1) ...
Setting up libgtk-3-common (3.24.41-4ubuntu1.3) ...
Setting up libegl1-mesa-dev:amd64 (25.2.8-0ubuntu0.24.04.2) ...
Setting up gsettings-desktop-schemas (46.1-0ubuntu1) ...
Setting up adwaita-icon-theme (46.0-1) ...
update-alternatives: using /usr/share/icons/Adwaita/cursor.theme to provide /usr/share/icons/default/index.theme (x-cursor-theme) in auto mode
Setting up humanity-icon-theme (0.6.16) ...
Setting up ubuntu-mono (24.04-0ubuntu1) ...
Processing triggers for libglib2.0-0t64:amd64 (2.80.0-6ubuntu3.8) ...
Setting up libgtk-3-0t64:amd64 (3.24.41-4ubuntu1.3) ...
Setting up libpulse-dev:amd64 (1:16.1+dfsg1-2ubuntu10.1) ...
Setting up libcairo2-dev:amd64 (1.18.0-3build1) ...
Setting up glib-networking:amd64 (2.80.0-1build1) ...
Setting up libjavascriptcoregtk-4.1-dev:amd64 (2.52.6-0ubuntu0.24.04.1) ...
Setting up libatk1.0-dev:amd64 (2.52.0-1build1) ...
Setting up libgdk-pixbuf-2.0-dev:amd64 (2.42.10+dfsg-3ubuntu3.3) ...
Setting up libharfbuzz-dev:amd64 (8.3.0-2build2) ...
Setting up libdbusmenu-gtk3-4:amd64 (18.10.20180917~bzr492+repack1-3.1ubuntu5) ...
Processing triggers for libc-bin (2.39-0ubuntu8.8) ...
Setting up libsoup-3.0-0:amd64 (3.4.4-5ubuntu0.7) ...
Setting up gir1.2-gtk-3.0:amd64 (3.24.41-4ubuntu1.3) ...
Setting up gobject-introspection:amd64 (1.80.1-1) ...
Setting up libappindicator3-1 (12.10.1+20.10.20200706.1-0ubuntu5) ...
Setting up gir1.2-appindicator3-0.1 (12.10.1+20.10.20200706.1-0ubuntu5) ...
Setting up libpango1.0-dev:amd64 (1.52.1+ds-1build1) ...
Setting up libgirepository-1.0-dev:amd64 (1.80.1-1) ...
Setting up gir1.2-soup-3.0:amd64 (3.4.4-5ubuntu0.7) ...
Setting up libsnapd-glib-2-1:amd64 (1.64-0ubuntu5) ...
Setting up gstreamer1.0-plugins-good:amd64 (1.24.2-1ubuntu1.5) ...
Setting up pulseaudio (1:16.1+dfsg1-2ubuntu10.1) ...
Created symlink /etc/systemd/user/default.target.wants/pulseaudio.service → /usr/lib/systemd/user/pulseaudio.service.
Created symlink /etc/systemd/user/sockets.target.wants/pulseaudio.socket → /usr/lib/systemd/user/pulseaudio.socket.
invoke-rc.d: could not determine current runlevel
invoke-rc.d: policy-rc.d denied execution of start.
Setting up libsoup-3.0-dev:amd64 (3.4.4-5ubuntu0.7) ...
Setting up libgirepository1.0-dev (1.80.1-1) ...
Setting up librsvg2-dev:amd64 (2.58.0+dfsg-1build1) ...
Setting up libwebkit2gtk-4.1-0:amd64 (2.52.6-0ubuntu0.24.04.1) ...
Setting up gir1.2-webkit2-4.1:amd64 (2.52.6-0ubuntu0.24.04.1) ...
Processing triggers for sgml-base (1.31) ...
Setting up libdbus-1-dev:amd64 (1.14.10-4ubuntu4.1) ...
Setting up libatspi2.0-dev:amd64 (2.52.0-1build1) ...
Setting up libdbus-glib-1-dev:amd64 (0.112-3build2) ...
Setting up libatk-bridge2.0-dev:amd64 (2.52.0-1build1) ...
Setting up libgtk-3-dev:amd64 (3.24.41-4ubuntu1.3) ...
Setting up libappindicator3-dev (12.10.1+20.10.20200706.1-0ubuntu5) ...
Setting up libwebkit2gtk-4.1-dev (2.52.6-0ubuntu0.24.04.1) ...
Processing triggers for dictionaries-common (1.29.7) ...
Processing triggers for libgdk-pixbuf-2.0-0:amd64 (2.42.10+dfsg-3ubuntu3.3) ...
Processing triggers for libc-bin (2.39-0ubuntu8.8) ...
Processing triggers for dbus (1.14.10-4ubuntu4.1) ...
W: [pulseaudio] main.c: Running in system mode, but --disallow-module-loading not set.
E: [pulseaudio] core-util.c: Failed to connect to system bus: Failed to connect to socket /run/dbus/system_bus_socket: No such file or directory
E: [pulseaudio] core-util.c: Failed to connect to system bus: Failed to connect to socket /run/dbus/system_bus_socket: No such file or directory
E: [pulseaudio] core-util.c: Failed to connect to system bus: Failed to connect to socket /run/dbus/system_bus_socket: No such file or directory
E: [pulseaudio] core-util.c: Failed to connect to system bus: Failed to connect to socket /run/dbus/system_bus_socket: No such file or directory
E: [pulseaudio] core-util.c: Failed to connect to system bus: Failed to connect to socket /run/dbus/system_bus_socket: No such file or directory
E: [pulseaudio] core-util.c: Failed to connect to system bus: Failed to connect to socket /run/dbus/system_bus_socket: No such file or directory
E: [pulseaudio] core-util.c: Failed to connect to system bus: Failed to connect to socket /run/dbus/system_bus_socket: No such file or directory
E: [pulseaudio] core-util.c: Failed to connect to system bus: Failed to connect to socket /run/dbus/system_bus_socket: No such file or directory
E: [pulseaudio] core-util.c: Failed to connect to system bus: Failed to connect to socket /run/dbus/system_bus_socket: No such file or directory
E: [pulseaudio] core-util.c: Failed to connect to system bus: Failed to connect to socket /run/dbus/system_bus_socket: No such file or directory
E: [pulseaudio] core-util.c: Failed to connect to system bus: Failed to connect to socket /run/dbus/system_bus_socket: No such file or directory
W: [pulseaudio] main.c: Home directory of user 'pulse' is not '/var/run/pulse', ignoring.
W: [pulseaudio] main.c: OK, so you are running PA in system mode. Please make sure that you actually do want to do that.
W: [pulseaudio] main.c: Please read http://www.freedesktop.org/wiki/Software/PulseAudio/Documentation/User/WhatIsWrongWithSystemWide/ for an explanation why system mode is usually a bad idea.
W: [pulseaudio] authkey.c: Failed to open cookie file '/var/run/pulse/.config/pulse/cookie': No such file or directory
W: [pulseaudio] authkey.c: Failed to load authentication key '/var/run/pulse/.config/pulse/cookie': No such file or directory
W: [pulseaudio] authkey.c: Failed to open cookie file '/var/run/pulse/.pulse-cookie': No such file or directory
W: [pulseaudio] authkey.c: Failed to load authentication key '/var/run/pulse/.pulse-cookie': No such file or directory
E: [null-sink] util.c: Failed to connect to system bus: Failed to connect to socket /run/dbus/system_bus_socket: No such file or directory
E: [null-sink] util.c: Failed to connect to system bus: Failed to connect to socket /run/dbus/system_bus_socket: No such file or directory
E: [null-sink] util.c: Failed to connect to system bus: Failed to connect to socket /run/dbus/system_bus_socket: No such file or directory
E: [null-sink] util.c: Failed to connect to system bus: Failed to connect to socket /run/dbus/system_bus_socket: No such file or directory
E: [null-sink] util.c: Failed to connect to system bus: Failed to connect to socket /run/dbus/system_bus_socket: No such file or directory
W: [pulseaudio] main.c: Unable to contact D-Bus: org.freedesktop.DBus.Error.FileNotFound: Failed to connect to socket /run/dbus/system_bus_socket: No such file or directory
E: [null-sink] util.c: Failed to connect to system bus: Failed to connect to socket /run/dbus/system_bus_socket: No such file or directory
E: [null-sink] util.c: Failed to connect to system bus: Failed to connect to socket /run/dbus/system_bus_socket: No such file or directory
E: [null-sink] util.c: Failed to connect to system bus: Failed to connect to socket /run/dbus/system_bus_socket: No such file or directory
E: [null-sink] util.c: Failed to connect to system bus: Failed to connect to socket /run/dbus/system_bus_socket: No such file or directory
E: [null-sink] util.c: Failed to connect to system bus: Failed to connect to socket /run/dbus/system_bus_socket: No such file or directory
    Updating crates.io index
 Downloading crates ...
  Downloaded adler2 v2.0.1
  Downloaded dpi v0.1.2
  Downloaded defmt-parser v1.0.0
  Downloaded futures-executor v0.3.34
  Downloaded gdk-pixbuf-sys v0.18.0
  Downloaded dirs-sys v0.5.0
  Downloaded hyper-rustls v0.27.9
  Downloaded icu_locale_core v2.3.0
  Downloaded fxhash v0.2.1
  Downloaded same-file v1.0.6
  Downloaded deranged v0.5.8
  Downloaded itertools v0.13.0
  Downloaded defmt-macros v1.1.1
  Downloaded derive_more v0.99.20
  Downloaded dunce v1.0.5
  Downloaded getrandom v0.3.4
  Downloaded http v1.5.0
  Downloaded indexmap v2.14.0
  Downloaded ico v0.5.0
  Downloaded dlopen2 v0.8.2
  Downloaded dlopen2_derive v0.4.3
  Downloaded dom_query v0.27.0
  Downloaded dyn-clone v1.0.20
  Downloaded embed-resource v3.0.11
  Downloaded erased-serde v0.4.10
  Downloaded fdeflate v0.3.7
  Downloaded http-body-util v0.1.5
  Downloaded icu_normalizer v2.3.0
  Downloaded field-offset v0.3.6
  Downloaded glib-sys v0.18.1
  Downloaded dtoa-short v0.3.5
  Downloaded schemars v0.8.22
  Downloaded tower-service v0.3.3
  Downloaded displaydoc v0.2.7
  Downloaded dtor-proc-macro v0.0.6
  Downloaded find-msvc-tools v0.1.11
  Downloaded gtk v0.18.2
  Downloaded derive_more-impl v2.1.1
  Downloaded dtoa v1.0.11
  Downloaded equivalent v1.0.2
  Downloaded phf v0.8.0
  Downloaded string_cache v0.8.9
  Downloaded thiserror v2.0.20
  Downloaded schemars v0.9.0
  Downloaded selectors v0.24.0
  Downloaded schemars v1.2.2
  Downloaded phf_shared v0.11.3
  Downloaded url v2.5.8
  Downloaded derive_more v2.1.1
  Downloaded jiff v0.2.35
  Downloaded serde_spanned v0.6.9
  Downloaded siphasher v0.3.11
  Downloaded tauri-runtime v2.8.0
  Downloaded tauri-runtime-wry v2.8.1
  Downloaded tinyvec_macros v0.1.1
  Downloaded digest v0.10.7
  Downloaded futf v0.1.5
  Downloaded gobject-sys v0.18.0
  Downloaded serde_spanned v1.1.1
  Downloaded siphasher v1.0.3
  Downloaded tauri-utils v2.9.3
  Downloaded tower-http v0.6.11
  Downloaded unic-ucd-version v0.9.0
  Downloaded either v1.18.0
  Downloaded fastrand v2.5.0
  Downloaded gdk v0.18.2
  Downloaded gio v0.18.4
  Downloaded tauri-winres v0.3.6
  Downloaded thiserror v1.0.69
  Downloaded toml v1.1.4+spec-1.1.0
  Downloaded toml_edit v0.19.15
  Downloaded toml_writer v1.1.2+spec-1.1.0
  Downloaded flate2 v1.1.10
  Downloaded shlex v2.0.1
  Downloaded tokio-util v0.7.19
  Downloaded toml_datetime v0.6.3
  Downloaded unic-char-range v0.9.0
  Downloaded javascriptcore-rs v1.1.2
  Downloaded serde_derive_internals v0.29.1
  Downloaded target-lexicon v0.12.16
  Downloaded tinyvec v1.12.0
  Downloaded toml_parser v1.1.3+spec-1.1.0
  Downloaded gdkx11 v0.18.2
  Downloaded heck v0.5.0
  Downloaded string_cache v0.9.0
  Downloaded thiserror-impl v1.0.69
  Downloaded tinystr v0.8.4
  Downloaded tower-layer v0.3.3
  Downloaded serde_urlencoded v0.7.1
  Downloaded stable_deref_trait v1.2.1
  Downloaded subtle v2.6.1
  Downloaded time-core v0.1.9
  Downloaded unic-common v0.9.0
  Downloaded anyhow v1.0.104
  Downloaded glib-macros v0.18.5
  Downloaded time v0.3.55
  Downloaded typeid v1.0.3
  Downloaded fnv v1.0.7
  Downloaded form_urlencoded v1.2.2
  Downloaded gtk-sys v0.18.2
  Downloaded hashbrown v0.17.1
  Downloaded html5ever v0.38.0
  Downloaded http-body v1.1.0
  Downloaded hyper-util v0.1.20
  Downloaded ident_case v1.0.1
  Downloaded memoffset v0.9.1
  Downloaded quote v1.0.47
  Downloaded soup3-sys v0.5.0
  Downloaded thiserror-impl v2.0.20
  Downloaded serde_repr v0.1.21
  Downloaded serialize-to-javascript v0.1.2
  Downloaded strsim v0.11.1
  Downloaded futures-task v0.3.34
  Downloaded generic-array v0.14.7
  Downloaded libpulse-simple-sys v1.22.0
  Downloaded try-lock v0.2.5
  Downloaded unic-char-property v0.9.0
  Downloaded shlex v1.3.0
  Downloaded tokio-rustls v0.26.4
  Downloaded gdkx11-sys v0.18.2
  Downloaded serialize-to-javascript-impl v0.1.2
  Downloaded string_cache_codegen v0.6.1
  Downloaded toml_datetime v1.1.1+spec-1.1.0
  Downloaded toml_edit v0.20.2
  Downloaded futures-io v0.3.34
  Downloaded ipnet v2.12.1
  Downloaded scopeguard v1.2.0
  Downloaded serde-untagged v0.1.9
  Downloaded servo_arc v0.2.0
  Downloaded servo_arc v0.4.3
  Downloaded sha2 v0.10.9
  Downloaded simd-adler32 v0.3.10
  Downloaded slab v0.4.12
  Downloaded soup3 v0.5.0
  Downloaded string_cache_codegen v0.5.4
  Downloaded sync_wrapper v1.0.2
  Downloaded synstructure v0.13.2
  Downloaded system-deps v6.2.2
  Downloaded tauri-build v2.4.1
  Downloaded tauri-codegen v2.6.3
  Downloaded tauri-macros v2.6.3
  Downloaded tendril v0.4.3
  Downloaded time-macros v0.2.32
  Downloaded toml v0.8.2
  Downloaded toml_datetime v0.7.5+spec-1.1.0
  Downloaded tower v0.5.3
  Downloaded unic-ucd-ident v0.9.0
  Downloaded writeable v0.6.4
  Downloaded bitflags v1.3.2
  Downloaded cfg-expr v0.15.8
  Downloaded futures-channel v0.3.34
  Downloaded futures-core v0.3.34
  Downloaded gdkwayland-sys v0.18.2
  Downloaded getrandom v0.1.16
  Downloaded glob v0.3.4
  Downloaded hex v0.4.3
  Downloaded httparse v1.10.1
  Downloaded iana-time-zone v0.1.65
  Downloaded icu_collections v2.3.0
  Downloaded pango-sys v0.18.0
  Downloaded schemars_derive v0.8.22
  Downloaded selectors v0.36.1
  Downloaded semver v1.0.28
  Downloaded serde v1.0.229
  Downloaded serde_core v1.0.229
  Downloaded serde_derive v1.0.229
  Downloaded serde_json v1.0.151
  Downloaded serde_with v3.22.0
  Downloaded serde_with_macros v3.22.0
  Downloaded smallvec v1.15.2
  Downloaded socket2 v0.6.5
  Downloaded syn v2.0.119
  Downloaded tendril v0.5.1
  Downloaded toml v0.9.12+spec-1.1.0
  Downloaded tracing-core v0.1.36
  Downloaded tray-icon v0.21.3
  Downloaded typenum v1.20.1
  Downloaded cpufeatures v0.3.1
  Downloaded darling v0.23.0
  Downloaded foldhash v0.2.0
  Downloaded futures-macro v0.3.34
  Downloaded getrandom v0.2.17
  Downloaded getrandom v0.4.3
  Downloaded gtk3-macros v0.18.2
  Downloaded heck v0.4.1
  Downloaded icu_provider v2.3.1
  Downloaded indexmap v1.9.3
  Downloaded infer v0.19.0
  Downloaded itoa v1.0.18
  Downloaded libpulse-simple-binding v2.29.0
  Downloaded phf_generator v0.8.0
  Downloaded phf_generator v0.10.0
  Downloaded phf_generator v0.13.1
  Downloaded proc-macro-error-attr v1.0.4
  Downloaded quinn-udp v0.5.15
  Downloaded syn v1.0.109
  Downloaded syn v3.0.4
  Downloaded tao v0.34.8
  Downloaded tauri v2.8.4
  Downloaded tracing v0.1.44
  Downloaded wry v0.53.5
  Downloaded atk-sys v0.18.2
  Downloaded autocfg v1.5.1
  Downloaded bit-set v0.8.0
  Downloaded bitflags v2.13.1
  Downloaded cargo_toml v0.22.3
  Downloaded cfb v0.7.3
  Downloaded crc32fast v1.5.1
  Downloaded crossbeam-channel v0.5.16
  Downloaded fs_extra v1.3.0
  Downloaded jiff-core v0.1.0
  Downloaded libpulse-binding v2.30.1
  Downloaded litemap v0.8.3
  Downloaded markup5ever v0.14.1
  Downloaded match_token v0.1.0
  Downloaded memchr v2.8.3
  Downloaded minimal-lexical v0.2.1
  Downloaded muda v0.17.2
  Downloaded phf_codegen v0.11.3
  Downloaded phf_codegen v0.13.1
  Downloaded phf_generator v0.11.3
  Downloaded phf_shared v0.13.1
  Downloaded pin-project-lite v0.2.17
  Downloaded ref-cast v1.0.27
  Downloaded ref-cast-impl v1.0.27
  Downloaded tokio v1.53.1
  Downloaded unicode-ident v1.0.24
  Downloaded unicode-segmentation v1.13.3
  Downloaded urlpattern v0.3.0
  Downloaded walkdir v2.5.0
  Downloaded want v0.3.1
  Downloaded zerofrom v0.1.8
  Downloaded zerofrom-derive v0.1.7
  Downloaded zeroize v1.9.0
  Downloaded alsa-sys v0.3.1
  Downloaded atomic-waker v1.1.2
  Downloaded cpal v0.15.3
  Downloaded cpufeatures v0.2.17
  Downloaded dirs v6.0.0
  Downloaded dtor v0.3.0
  Downloaded gdk-pixbuf v0.18.5
  Downloaded gdk-sys v0.18.2
  Downloaded html5ever v0.29.1
  Downloaded icu_normalizer_data v2.3.0
  Downloaded libpulse-sys v1.23.0
  Downloaded log v0.4.34
  Downloaded mime v0.3.17
  Downloaded miniz_oxide v0.8.9
  Downloaded num-traits v0.2.19
  Downloaded phf v0.10.1
  Downloaded phf v0.13.1
  Downloaded phf_macros v0.10.0
  Downloaded phf_macros v0.13.1
  Downloaded phf_shared v0.8.0
  Downloaded proc-macro-error v1.0.4
  Downloaded rand_chacha v0.2.2
  Downloaded regex-syntax v0.8.11
  Downloaded rustc-hash v2.1.3
  Downloaded untrusted v0.9.0
  Downloaded utf8_iter v1.0.4
  Downloaded atk v0.18.2
  Downloaded ctor v0.8.0
  Downloaded ctor-proc-macro v0.0.7
  Downloaded futures-sink v0.3.34
  Downloaded libappindicator-sys v0.9.0
  Downloaded libloading v0.8.9
  Downloaded mac v0.1.1
  Downloaded matches v0.1.10
  Downloaded miniz_oxide v0.9.1
  Downloaded num-conv v0.2.2
  Downloaded phf_shared v0.10.0
  Downloaded powerfmt v0.2.0
  Downloaded prettyplease v0.2.37
  Downloaded proc-macro-crate v2.0.2
  Downloaded proc-macro-hack v0.5.20+deprecated
  Downloaded rand_core v0.10.1
  Downloaded regex-automata v0.4.18
  Downloaded reqwest v0.12.28
  Downloaded version_check v0.9.5
  Downloaded cc v1.4.4
  Downloaded cexpr v0.6.0
  Downloaded convert_case v0.4.0
  Downloaded cssparser-macros v0.6.1
  Downloaded lru-slab v0.1.2
  Downloaded option-ext v0.2.0
  Downloaded pango v0.18.3
  Downloaded ring v0.17.14
  Downloaded utf-8 v0.7.6
  Downloaded uuid v1.26.0
  Downloaded version-compare v0.2.1
  Downloaded winnow v0.5.40
  Downloaded x11-dl v2.21.0
  Downloaded zerovec v0.11.8
  Downloaded zerovec-derive v0.11.6
  Downloaded rand_chacha v0.3.1
  Downloaded rand_core v0.6.4
  Downloaded web_atoms v0.2.6
  Downloaded whisper-rs v0.16.0
  Downloaded x11 v2.21.0
  Downloaded yoke v0.8.3
  Downloaded zerotrie v0.2.5
  Downloaded zlib-rs v0.6.7
  Downloaded alloc-stdlib v0.2.4
  Downloaded webkit2gtk-sys v2.0.1
  Downloaded markup5ever v0.38.0
  Downloaded new_debug_unreachable v1.0.6
  Downloaded nodrop v0.1.14
  Downloaded precomputed-hash v0.1.1
  Downloaded rand_pcg v0.10.2
  Downloaded num-derive v0.4.2
  Downloaded potential_utf v0.1.6
  Downloaded defmt v1.1.1
  Downloaded hashbrown v0.12.3
  Downloaded icu_properties v2.3.0
  Downloaded phf_codegen v0.8.0
  Downloaded cssparser v0.29.6
  Downloaded idna_adapter v1.2.2
  Downloaded jobserver v0.1.35
  Downloaded json-patch v3.0.1
  Downloaded proc-macro-crate v1.3.1
  Downloaded byteorder v1.5.0
  Downloaded webpki-roots v1.0.9
  Downloaded kuchikiki v0.8.8-speedreader
  Downloaded phf v0.11.3
  Downloaded ppv-lite86 v0.2.21
  Downloaded raw-window-handle v0.6.2
  Downloaded bit-vec v0.8.0
  Downloaded libloading v0.7.4
  Downloaded pkg-config v0.3.34
  Downloaded zerocopy v0.8.56
  Downloaded alloc-no-stdlib v2.0.4
  Downloaded block-buffer v0.10.4
  Downloaded cairo-rs v0.18.5
  Downloaded parking_lot v0.12.5
  Downloaded rand_pcg v0.2.1
  Downloaded zmij v1.0.23
  Downloaded aho-corasick v1.1.5
  Downloaded bytes v1.12.1
  Downloaded cargo-platform v0.1.9
  Downloaded cargo_metadata v0.19.2
  Downloaded webkit2gtk v2.0.1
  Downloaded brotli-decompressor v5.0.3
  Downloaded yoke-derive v0.8.2
  Downloaded cfg_aliases v0.2.2
  Downloaded rand_core v0.5.1
  Downloaded rustc_version v0.4.1
  Downloaded camino v1.2.5
  Downloaded cfg-if v1.0.4
  Downloaded clang-sys v1.9.1
  Downloaded rustls-webpki v0.103.15
  Downloaded bs58 v0.5.1
  Downloaded chacha20 v0.10.2
  Downloaded rustls-pki-types v1.15.1
  Downloaded crossbeam-utils v0.8.22
  Downloaded cairo-sys-rs v0.18.2
  Downloaded winnow v0.7.15
  Downloaded chrono v0.4.45
  Downloaded crypto-common v0.1.7
  Downloaded cmake v0.1.58
  Downloaded brotli v8.0.4
  Downloaded dasp_sample v0.11.0
  Downloaded whisper-rs-sys v0.15.0
  Downloaded darling_macro v0.23.0
  Downloaded libappindicator v0.9.0
  Downloaded proc-macro2 v1.0.107
  Downloaded lock_api v0.4.14
  Downloaded parking_lot_core v0.9.12
  Downloaded cookie v0.18.2
  Downloaded idna v1.1.0
  Downloaded percent-encoding v2.3.2
  Downloaded base64 v0.22.1
  Downloaded jsonptr v0.6.3
  Downloaded keyboard-types v0.7.0
  Downloaded mio v1.2.2
  Downloaded once_cell v1.21.4
  Downloaded plist v1.10.0
  Downloaded alsa v0.9.1
  Downloaded darling_core v0.23.0
  Downloaded futures-util v0.3.34
  Downloaded quinn v0.11.11
  Downloaded rand v0.7.3
  Downloaded rand v0.8.8
  Downloaded rand v0.10.2
  Downloaded ryu v1.0.23
  Downloaded cssparser v0.36.0
  Downloaded hyper v1.11.1
  Downloaded regex v1.13.1
  Downloaded winnow v1.0.4
  Downloaded nom v7.1.3
  Downloaded png v0.17.16
  Downloaded quick-xml v0.41.0
  Downloaded icu_properties_data v2.3.0
  Downloaded glib v0.18.5
  Downloaded bindgen v0.72.1
  Downloaded quinn-proto v0.11.17
  Downloaded rustls v0.23.43
  Downloaded libc v0.2.189
  Downloaded gio-sys v0.18.1
  Downloaded javascriptcore-rs-sys v1.1.1
   Compiling proc-macro2 v1.0.107
   Compiling quote v1.0.47
   Compiling unicode-ident v1.0.24
   Compiling syn v3.0.4
   Compiling serde_core v1.0.229
   Compiling libc v0.2.189
   Compiling syn v2.0.119
   Compiling serde_derive v1.0.229
   Compiling serde v1.0.229
   Compiling smallvec v1.15.2
   Compiling hashbrown v0.17.1
   Compiling equivalent v1.0.2
   Compiling pkg-config v0.3.34
   Compiling indexmap v2.14.0
   Compiling cfg-if v1.0.4
   Compiling toml_datetime v0.6.3
   Compiling winnow v0.5.40
   Compiling heck v0.5.0
   Compiling serde_spanned v0.6.9
   Compiling toml_edit v0.20.2
   Compiling target-lexicon v0.12.16
   Compiling cfg-expr v0.15.8
   Compiling toml v0.8.2
   Compiling version-compare v0.2.1
   Compiling system-deps v6.2.2
   Compiling memchr v2.8.3
   Compiling synstructure v0.13.2
   Compiling zerofrom-derive v0.1.7
   Compiling zerofrom v0.1.8
   Compiling yoke-derive v0.8.2
   Compiling siphasher v1.0.3
   Compiling zerovec-derive v0.11.6
   Compiling displaydoc v0.2.7
   Compiling version_check v0.9.5
   Compiling syn v1.0.109
   Compiling itoa v1.0.18
   Compiling glib-sys v0.18.1
   Compiling zerocopy v0.8.56
   Compiling writeable v0.6.4
   Compiling litemap v0.8.3
   Compiling gobject-sys v0.18.0
   Compiling thiserror v1.0.69
   Compiling autocfg v1.5.1
   Compiling ppv-lite86 v0.2.21
   Compiling thiserror-impl v1.0.69
   Compiling utf8_iter v1.0.4
   Compiling stable_deref_trait v1.2.1
   Compiling pin-project-lite v0.2.17
   Compiling phf_shared v0.13.1
   Compiling once_cell v1.21.4
   Compiling futures-core v0.3.34
   Compiling semver v1.0.28
   Compiling log v0.4.34
   Compiling fastrand v2.5.0
   Compiling icu_properties_data v2.3.0
   Compiling icu_normalizer_data v2.3.0
   Compiling phf_generator v0.13.1
   Compiling gio-sys v0.18.1
   Compiling bitflags v2.13.1
   Compiling getrandom v0.2.17
   Compiling futures-macro v0.3.34
   Compiling futures-task v0.3.34
   Compiling slab v0.4.12
   Compiling parking_lot_core v0.9.12
   Compiling futures-util v0.3.34
   Compiling rand_core v0.6.4
   Compiling bytes v1.12.1
   Compiling find-msvc-tools v0.1.11
   Compiling shlex v2.0.1
   Compiling zmij v1.0.23
   Compiling cc v1.4.4
   Compiling rand_chacha v0.3.1
   Compiling yoke v0.8.3
   Compiling proc-macro-error-attr v1.0.4
   Compiling scopeguard v1.2.0
   Compiling lock_api v0.4.14
   Compiling rand v0.8.8
   Compiling futures-channel v0.3.34
   Compiling proc-macro-error v1.0.4
   Compiling aho-corasick v1.1.5
   Compiling new_debug_unreachable v1.0.6
   Compiling glob v0.3.4
   Compiling siphasher v0.3.11
   Compiling regex-syntax v0.8.11
   Compiling regex-automata v0.4.18
   Compiling zerovec v0.11.8
   Compiling gdk-sys v0.18.2
   Compiling getrandom v0.1.16
   Compiling regex v1.13.1
   Compiling http v1.5.0
   Compiling phf_macros v0.13.1
   Compiling byteorder v1.5.0
   Compiling precomputed-hash v0.1.1
   Compiling phf_shared v0.11.3
   Compiling proc-macro-crate v2.0.2
   Compiling winnow v1.0.4
   Compiling time-core v0.1.9
   Compiling heck v0.4.1
   Compiling bitflags v1.3.2
   Compiling num-conv v0.2.2
   Compiling glib-macros v0.18.5
   Compiling toml_parser v1.1.3+spec-1.1.0
   Compiling parking_lot v0.12.5
   Compiling rand_core v0.5.1
   Compiling tinystr v0.8.4
   Compiling futures-executor v0.3.34
   Compiling phf_codegen v0.13.1
   Compiling rustc_version v0.4.1
   Compiling pango-sys v0.18.0
   Compiling gdk-pixbuf-sys v0.18.0
   Compiling cairo-sys-rs v0.18.2
   Compiling typeid v1.0.3
   Compiling powerfmt v0.2.0
   Compiling ident_case v1.0.1
   Compiling strsim v0.11.1
   Compiling toml_writer v1.1.2+spec-1.1.0
   Compiling deranged v0.5.8
   Compiling darling_core v0.23.0
   Compiling glib v0.18.5
   Compiling icu_locale_core v2.3.0
   Compiling potential_utf v0.1.6
   Compiling zerotrie v0.2.5
   Compiling atk-sys v0.18.2
   Compiling rustc-hash v2.1.3
   Compiling thiserror v2.0.20
   Compiling base64 v0.22.1
   Compiling erased-serde v0.4.10
   Compiling icu_provider v2.3.1
   Compiling icu_collections v2.3.0
   Compiling darling_macro v0.23.0
   Compiling rand_pcg v0.2.1
   Compiling rand_chacha v0.2.2
   Compiling phf_generator v0.11.3
   Compiling phf_shared v0.8.0
   Compiling thiserror-impl v2.0.20
   Compiling fnv v1.0.7
   Compiling dtoa v1.0.11
   Compiling unic-char-range v0.9.0
   Compiling proc-macro-hack v0.5.20+deprecated
   Compiling unic-common v0.9.0
   Compiling unic-ucd-version v0.9.0
   Compiling unic-char-property v0.9.0
   Compiling dtoa-short v0.3.5
   Compiling rand v0.7.3
   Compiling darling v0.23.0
   Compiling phf v0.13.1
   Compiling phf_shared v0.10.0
   Compiling string_cache_codegen v0.6.1
   Compiling cssparser-macros v0.6.1
   Compiling alloc-no-stdlib v2.0.4
   Compiling getrandom v0.4.3
   Compiling gio v0.18.4
   Compiling serde_json v1.0.151
   Compiling alloc-stdlib v0.2.4
   Compiling web_atoms v0.2.6
   Compiling phf_generator v0.10.0
   Compiling serde_with_macros v3.22.0
   Compiling phf_generator v0.8.0
   Compiling unic-ucd-ident v0.9.0
   Compiling phf_codegen v0.11.3
   Compiling string_cache_codegen v0.5.4
   Compiling icu_properties v2.3.0
   Compiling icu_normalizer v2.3.0
   Compiling quick-xml v0.41.0
   Compiling gtk-sys v0.18.2
   Compiling serde_spanned v1.1.1
   Compiling anyhow v1.0.104
   Compiling percent-encoding v2.3.2
   Compiling futures-io v0.3.34
   Compiling mac v0.1.1
   Compiling futf v0.1.5
   Compiling idna_adapter v1.2.2
   Compiling markup5ever v0.14.1
   Compiling phf_macros v0.10.0
   Compiling phf_codegen v0.8.0
   Compiling brotli-decompressor v5.0.3
   Compiling string_cache v0.9.0
   Compiling cssparser v0.29.6
   Compiling utf-8 v0.7.6
   Compiling same-file v1.0.6
   Compiling dunce v1.0.5
   Compiling ctor-proc-macro v0.0.7
   Compiling ctor v0.8.0
   Compiling form_urlencoded v1.2.2
   Compiling walkdir v2.5.0
   Compiling tendril v0.4.3
   Compiling uuid v1.26.0
   Compiling brotli v8.0.4
   Compiling selectors v0.24.0
   Compiling phf v0.10.1
   Compiling idna v1.1.0
   Compiling selectors v0.36.1
   Compiling string_cache v0.8.9
   Compiling phf v0.11.3
   Compiling tendril v0.5.1
   Compiling indexmap v1.9.3
   Compiling derive_more-impl v2.1.1
   Compiling toml_datetime v1.1.1+spec-1.1.0
   Compiling convert_case v0.4.0
   Compiling camino v1.2.5
   Compiling matches v0.1.10
   Compiling nodrop v0.1.14
   Compiling servo_arc v0.2.0
   Compiling derive_more v0.99.20
   Compiling toml v1.1.4+spec-1.1.0
   Compiling derive_more v2.1.1
   Compiling markup5ever v0.38.0
   Compiling url v2.5.8
   Compiling cssparser v0.36.0
   Compiling phf v0.8.0
   Compiling fxhash v0.2.1
   Compiling servo_arc v0.4.3
   Compiling memoffset v0.9.1
   Compiling match_token v0.1.0
   Compiling serde_derive_internals v0.29.1
   Compiling hashbrown v0.12.3
   Compiling schemars v0.8.22
   Compiling bit-vec v0.8.0
   Compiling bit-set v0.8.0
   Compiling schemars_derive v0.8.22
   Compiling html5ever v0.29.1
   Compiling html5ever v0.38.0
   Compiling cfb v0.7.3
   Compiling jsonptr v0.6.3
   Compiling pango v0.18.3
   Compiling gdk-pixbuf v0.18.5
   Compiling cairo-rs v0.18.5
   Compiling time v0.3.55
   Compiling field-offset v0.3.6
   Compiling toml_edit v0.19.15
   Compiling cargo-platform v0.1.9
   Compiling dyn-clone v1.0.20
   Compiling option-ext v0.2.0
   Compiling foldhash v0.2.0
   Compiling dom_query v0.27.0
   Compiling dirs-sys v0.5.0
   Compiling cargo_metadata v0.19.2
   Compiling proc-macro-crate v1.3.1
   Compiling plist v1.10.0
   Compiling gdk v0.18.2
   Compiling serde-untagged v0.1.9
   Compiling json-patch v3.0.1
   Compiling infer v0.19.0
   Compiling kuchikiki v0.8.8-speedreader
   Compiling urlpattern v0.3.0
   Compiling serde_with v3.22.0
   Compiling clang-sys v1.9.1
   Compiling generic-array v0.14.7
   Compiling javascriptcore-rs-sys v1.1.1
   Compiling soup3-sys v0.5.0
   Compiling gtk v0.18.2
   Compiling socket2 v0.6.5
   Compiling mio v1.2.2
   Compiling simd-adler32 v0.3.10
   Compiling prettyplease v0.2.37
   Compiling tokio v1.53.1
   Compiling tauri-utils v2.9.3
   Compiling gtk3-macros v0.18.2
   Compiling dirs v6.0.0
   Compiling atk v0.18.2
   Compiling time-macros v0.2.32
   Compiling ring v0.17.14
   Compiling webkit2gtk-sys v2.0.1
   Compiling x11 v2.21.0
   Compiling toml_datetime v0.7.5+spec-1.1.0
   Compiling typenum v1.20.1
   Compiling adler2 v2.0.1
   Compiling winnow v0.7.15
   Compiling minimal-lexical v0.2.1
   Compiling crc32fast v1.5.1
   Compiling nom v7.1.3
   Compiling toml v0.9.12+spec-1.1.0
   Compiling embed-resource v3.0.11
   Compiling gdkx11-sys v0.18.2
   Compiling libloading v0.8.9
   Compiling zeroize v1.9.0
   Compiling crossbeam-utils v0.8.22
   Compiling bindgen v0.72.1
   Compiling either v1.18.0
   Compiling itertools v0.13.0
   Compiling rustls-pki-types v1.15.1
   Compiling tauri-winres v0.3.6
   Compiling cargo_toml v0.22.3
   Compiling cexpr v0.6.0
   Compiling miniz_oxide v0.9.1
   Compiling dpi v0.1.2
   Compiling http-body v1.1.0
   Compiling num-traits v0.2.19
   Compiling cookie v0.18.2
   Compiling x11-dl v2.21.0
   Compiling libpulse-sys v1.23.0
   Compiling httparse v1.10.1
   Compiling untrusted v0.9.0
   Compiling shlex v1.3.0
   Compiling flate2 v1.1.10
   Compiling tauri-build v2.4.1
   Compiling soup3 v0.5.0
   Compiling javascriptcore-rs v1.1.2
   Compiling block-buffer v0.10.4
   Compiling crypto-common v0.1.7
   Compiling miniz_oxide v0.8.9
   Compiling fdeflate v0.3.7
   Compiling cmake v0.1.58
   Compiling rustls v0.23.43
   Compiling tower-service v0.3.3
   Compiling fs_extra v1.3.0
   Compiling raw-window-handle v0.6.2
   Compiling try-lock v0.2.5
   Compiling want v0.3.1
   Compiling whisper-rs-sys v0.15.0
   Compiling png v0.17.16
   Compiling digest v0.10.7
   Compiling webkit2gtk v2.0.1
   Compiling crossbeam-channel v0.5.16
   Compiling rustls-webpki v0.103.15
   Compiling tracing-core v0.1.36
   Compiling alsa-sys v0.3.1
   Compiling dlopen2_derive v0.4.3
   Compiling num-derive v0.4.2
   Compiling wry v0.53.5
   Compiling subtle v2.6.1
   Compiling tauri-runtime v2.8.0
   Compiling cpufeatures v0.2.17
   Compiling atomic-waker v1.1.2
   Compiling hyper v1.11.1
   Compiling sha2 v0.10.9
   Compiling dlopen2 v0.8.2
   Compiling tracing v0.1.44
   Compiling ico v0.5.0
   Compiling gdkx11 v0.18.2
   Compiling tauri v2.8.4
   Compiling gdkwayland-sys v0.18.2
   Compiling sync_wrapper v1.0.2
   Compiling libpulse-simple-sys v1.22.0
   Compiling tower-layer v0.3.3
   Compiling unicode-segmentation v1.13.3
   Compiling getrandom v0.3.4
   Compiling ipnet v2.12.1
   Compiling tauri-runtime-wry v2.8.1
   Compiling hyper-util v0.1.20
   Compiling keyboard-types v0.7.0
   Compiling tower v0.5.3
   Compiling tao v0.34.8
   Compiling tauri-codegen v2.6.3
   Compiling tokio-rustls v0.26.4
   Compiling webpki-roots v1.0.9
   Compiling serialize-to-javascript-impl v0.1.2
   Compiling cpal v0.15.3
   Compiling ryu v1.0.23
   Compiling whisper-rs v0.16.0
   Compiling serde_urlencoded v0.7.1
   Compiling serialize-to-javascript v0.1.2
   Compiling hyper-rustls v0.27.9
   Compiling alsa v0.9.1
   Compiling tauri-macros v2.6.3
   Compiling tower-http v0.6.11
   Compiling muda v0.17.2
   Compiling libpulse-binding v2.30.1
   Compiling local-live-captions v0.1.17 (/work/repo/src-tauri)
   Compiling http-body-util v0.1.5
   Compiling serde_repr v0.1.21
   Compiling mime v0.3.17
   Compiling dasp_sample v0.11.0
   Compiling reqwest v0.12.28
   Compiling libpulse-simple-binding v2.29.0
    Finished `test` profile [unoptimized + debuginfo] target(s) in 6m 23s
  Executable unittests src/lib.rs (src-tauri/target/debug/deps/local_live_captions_lib-991d03c199eabb0b)
  Executable unittests src/main.rs (src-tauri/target/debug/deps/local_live_captions-526bb48388948f39)
Fetching tiny.en model into the isolated acceptance cache.
  % Total    % Received % Xferd  Average Speed   Time    Time     Time  Current
                                 Dload  Upload   Total   Spent    Left  Speed
  0     0    0     0    0     0      0      0 --:--:-- --:--:-- --:--:--     0100  1095  100  1095    0     0  10735      0 --:--:-- --:--:-- --:--:-- 10841
 63 74.1M   63 47.4M    0     0  56.7M      0  0:00:01 --:--:--  0:00:01 56.7M100 74.1M  100 74.1M    0     0  63.6M      0  0:00:01  0:00:01 --:--:-- 81.1M
Tracing english with network disabled for Cargo.
   Compiling local-live-captions v0.1.17 (/work/repo/src-tauri)
    Finished `test` profile [unoptimized + debuginfo] target(s) in 21.56s
     Running unittests src/lib.rs (src-tauri/target/debug/deps/local_live_captions_lib-991d03c199eabb0b)

running 1 test
test tests::claim_linux_monitor_end_to_end_captions_speech_and_restarts ... whisper_init_from_file_with_params_no_state: loading model from '/work/repo/.cache/linux-audio-acceptance/models/ggml-tiny.en.bin'
whisper_init_with_params_no_state: use gpu    = 0
whisper_init_with_params_no_state: flash attn = 0
whisper_init_with_params_no_state: gpu_device = 0
whisper_init_with_params_no_state: dtw        = 0
whisper_init_with_params_no_state: devices    = 1
whisper_init_with_params_no_state: backends   = 1
whisper_model_load: loading model
whisper_model_load: n_vocab       = 51864
whisper_model_load: n_audio_ctx   = 1500
whisper_model_load: n_audio_state = 384
whisper_model_load: n_audio_head  = 6
whisper_model_load: n_audio_layer = 4
whisper_model_load: n_text_ctx    = 448
whisper_model_load: n_text_state  = 384
whisper_model_load: n_text_head   = 6
whisper_model_load: n_text_layer  = 4
whisper_model_load: n_mels        = 80
whisper_model_load: ftype         = 1
whisper_model_load: qntvr         = 0
whisper_model_load: type          = 1 (tiny)
whisper_model_load: adding 1607 extra tokens
whisper_model_load: n_langs       = 99
whisper_model_load:          CPU total size =    77.11 MB
whisper_model_load: model size    =   77.11 MB
whisper_backend_init_gpu: no GPU found
whisper_init_state: kv self size  =    3.15 MB
whisper_init_state: kv cross size =    9.44 MB
whisper_init_state: kv pad  size  =    2.36 MB
whisper_init_state: compute buffer (conv)   =   13.21 MB
whisper_init_state: compute buffer (encode) =   64.81 MB
whisper_init_state: compute buffer (cross)  =    3.89 MB
whisper_init_state: compute buffer (decode) =   95.91 MB

whisper_full_with_state: strategy = 0, decoding with 1 decoders, temperature = 0.00


whisper_full_with_state: prompt[0] = [_SOT_]


whisper_full_with_state: id =   0, decoder = 0, token =  50363, p =  0.954, ts =    [_BEG_],  0.954, result_len =    0 '[_BEG_]'
whisper_full_with_state: id =   1, decoder = 0, token =   1265, p =  0.272, ts =        [?],  0.000, result_len =    0 ' ask'
whisper_full_with_state: id =   2, decoder = 0, token =    407, p =  0.742, ts =        [?],  0.012, result_len =    0 ' not'
whisper_full_with_state: id =   3, decoder = 0, token =    644, p =  0.831, ts =        [?],  0.038, result_len =    0 ' what'
whisper_full_with_state: id =   4, decoder = 0, token =    534, p =  0.969, ts =        [?],  0.038, result_len =    0 ' your'
whisper_full_with_state: id =   5, decoder = 0, token =   1499, p =  0.992, ts =        [?],  0.056, result_len =    0 ' country'
whisper_full_with_state: id =   6, decoder = 0, token =    460, p =  0.979, ts =        [?],  0.058, result_len =    0 ' can'
whisper_full_with_state: id =   7, decoder = 0, token =    466, p =  0.990, ts =        [?],  0.071, result_len =    0 ' do'
whisper_full_with_state: id =   8, decoder = 0, token =    329, p =  0.931, ts =  [_TT_250],  0.108, result_len =    0 ' for'
whisper_full_with_state: id =   9, decoder = 0, token =    345, p =  0.960, ts =        [?],  0.063, result_len =    0 ' you'
whisper_full_with_state: id =  10, decoder = 0, token =   1265, p =  0.357, ts =        [?],  0.030, result_len =    0 ' ask'
whisper_full_with_state: id =  11, decoder = 0, token =    644, p =  0.895, ts =        [?],  0.047, result_len =    0 ' what'
whisper_full_with_state: id =  12, decoder = 0, token =    345, p =  0.938, ts =  [_TT_350],  0.263, result_len =    0 ' you'
whisper_full_with_state: id =  13, decoder = 0, token =    460, p =  0.926, ts =        [?],  0.078, result_len =    0 ' can'
whisper_full_with_state: id =  14, decoder = 0, token =    466, p =  0.984, ts =  [_TT_381],  0.135, result_len =    0 ' do'
whisper_full_with_state: id =  15, decoder = 0, token =    329, p =  0.976, ts =  [_TT_388],  0.164, result_len =    0 ' for'
whisper_full_with_state: id =  16, decoder = 0, token =    534, p =  0.975, ts =  [_TT_401],  0.105, result_len =    0 ' your'
whisper_full_with_state: id =  17, decoder = 0, token =   1499, p =  0.966, ts =  [_TT_409],  0.104, result_len =    0 ' country'
whisper_full_with_state: id =  18, decoder = 0, token =  50795, p =  0.042, ts =        [?],  0.042, result_len =   19 '[_TT_432]'
whisper_full_with_state: id =  19, decoder = 0, token =  50256, p =  0.983, ts =  [_TT_432],  0.651, result_len =   19 '<|endoftext|>'
whisper_full_with_state: decoder 0 completed
whisper_full_with_state: decoder  0: score = -0.34611, result_len =  19, avg_logprobs = -0.34611, entropy =  2.36074
whisper_full_with_state: best decoder = 0
single timestamp ending - skip entire chunk
seek = 899, seek_delta = 899
ok

test result: ok. 1 passed; 0 failed; 0 ignored; 0 measured; 11 filtered out; finished in 33.46s

     Running unittests src/main.rs (src-tauri/target/debug/deps/local_live_captions-526bb48388948f39)

running 0 tests

test result: ok. 0 passed; 0 failed; 0 ignored; 0 measured; 0 filtered out; finished in 0.00s

E: [null-sink] util.c: Failed to connect to system bus: Failed to connect to socket /run/dbus/system_bus_socket: No such file or directory
E: [null-sink] util.c: Failed to connect to system bus: Failed to connect to socket /run/dbus/system_bus_socket: No such file or directory
E: [null-sink] util.c: Failed to connect to system bus: Failed to connect to socket /run/dbus/system_bus_socket: No such file or directory
E: [null-sink] util.c: Failed to connect to system bus: Failed to connect to socket /run/dbus/system_bus_socket: No such file or directory
E: [null-sink] util.c: Failed to connect to system bus: Failed to connect to socket /run/dbus/system_bus_socket: No such file or directory
